{
  "kategori": {
    "precision": 0.9696969696969697,
    "recall": 1.0,
    "f1-score": 0.9846153846153847,
    "support": 96,
    "confused_with": {}
  },
  "situs": {
    "precision": 1.0,
    "recall": 0.8666666666666667,
    "f1-score": 0.9285714285714286,
    "support": 15,
    "confused_with": {
      "kampung": 2
    }
  },
  "gejala": {
    "precision": 1.0,
    "recall": 0.46153846153846156,
    "f1-score": 0.631578947368421,
    "support": 13,
    "confused_with": {
      "event": 1
    }
  },
  "cuaca": {
    "precision": 0.9,
    "recall": 0.8181818181818182,
    "f1-score": 0.8571428571428572,
    "support": 22,
    "confused_with": {}
  },
  "event": {
    "precision": 0.9941176470588236,
    "recall": 1.0,
    "f1-score": 0.9970501474926253,
    "support": 507,
    "confused_with": {}
  },
  "kesehatan": {
    "precision": 1.0,
    "recall": 1.0,
    "f1-score": 1.0,
    "support": 41,
    "confused_with": {}
  },
  "kuliner": {
    "precision": 1.0,
    "recall": 0.7692307692307693,
    "f1-score": 0.8695652173913044,
    "support": 26,
    "confused_with": {
      "event": 1
    }
  },
  "kampung": {
    "precision": 0.9919028340080972,
    "recall": 1.0,
    "f1-score": 0.9959349593495934,
    "support": 245,
    "confused_with": {}
  },
  "micro avg": {
    "precision": 0.9895397489539749,
    "recall": 0.9803108808290155,
    "f1-score": 0.984903695991671,
    "support": 965
  },
  "macro avg": {
    "precision": 0.9819646813454863,
    "recall": 0.8644522144522144,
    "f1-score": 0.9080573677414518,
    "support": 965
  },
  "weighted avg": {
    "precision": 0.9895593269240585,
    "recall": 0.9803108808290155,
    "f1-score": 0.9830430082861824,
    "support": 965
  },
  "accuracy": 0.9904648390941597
}