[
  {
    "text": "agenda festival tahunan klk",
    "entities": [],
    "predicted_entities": [
      {
        "entity": "event",
        "start": 7,
        "end": 15,
        "confidence_entity": 0.9996917247772217,
        "value": "festival",
        "extractor": "DIETClassifier"
      }
    ]
  },
  {
    "text": "dimana lokasi dari situs watugong?",
    "entities": [
      {
        "start": 19,
        "end": 33,
        "value": "situs watugong",
        "entity": "situs"
      }
    ],
    "predicted_entities": [
      {
        "entity": "situs",
        "start": 19,
        "end": 33,
        "value": "situs watugong",
        "extractor": "RegexEntityExtractor"
      },
      {
        "entity": "kampung",
        "start": 19,
        "end": 33,
        "confidence_entity": 0.66,
        "value": "situs watugong",
        "extractor": "DIETClassifier"
      }
    ]
  },
  {
    "text": "tempat periksa untuk flu?",
    "entities": [
      {
        "start": 21,
        "end": 24,
        "value": "flu",
        "entity": "gejala"
      }
    ],
    "predicted_entities": [
      {
        "entity": "gejala",
        "start": 21,
        "end": 24,
        "value": "flu",
        "extractor": "RegexEntityExtractor"
      },
      {
        "entity": "event",
        "start": 21,
        "end": 24,
        "confidence_entity": 0.2128368765115738,
        "value": "flu",
        "extractor": "DIETClassifier"
      }
    ]
  },
  {
    "text": "rekomendasi minuman saat gerah",
    "entities": [
      {
        "start": 12,
        "end": 19,
        "value": "minuman",
        "entity": "kategori"
      },
      {
        "start": 25,
        "end": 30,
        "value": "gerah",
        "entity": "cuaca"
      }
    ],
    "predicted_entities": [
      {
        "entity": "cuaca",
        "start": 25,
        "end": 30,
        "value": "gerah",
        "extractor": "RegexEntityExtractor"
      },
      {
        "entity": "kategori",
        "start": 12,
        "end": 19,
        "confidence_entity": 0.9997808337211609,
        "value": "minuman",
        "extractor": "DIETClassifier",
        "processors": [
          "EntitySynonymMapper"
        ]
      }
    ]
  },
  {
    "text": "dimana tempat periksa untuk sakit kepala?",
    "entities": [
      {
        "start": 28,
        "end": 40,
        "value": "sakit kepala",
        "entity": "gejala"
      }
    ],
    "predicted_entities": [
      {
        "entity": "gejala",
        "start": 28,
        "end": 40,
        "value": "sakit kepala",
        "extractor": "RegexEntityExtractor"
      },
      {
        "entity": "gejala",
        "start": 28,
        "end": 33,
        "confidence_entity": 0.8617904782295227,
        "value": "sakit",
        "extractor": "DIETClassifier"
      }
    ]
  },
  {
    "text": "rumah sakit yang menangani sakit perut?",
    "entities": [
      {
        "start": 27,
        "end": 38,
        "value": "sakit perut",
        "entity": "gejala"
      }
    ],
    "predicted_entities": [
      {
        "entity": "kategori",
        "start": 0,
        "end": 11,
        "value": "rumah sakit",
        "extractor": "RegexEntityExtractor",
        "processors": [
          "EntitySynonymMapper"
        ]
      },
      {
        "entity": "kategori",
        "start": 0,
        "end": 11,
        "value": "rumah sakit",
        "extractor": "RegexEntityExtractor",
        "processors": [
          "EntitySynonymMapper"
        ]
      },
      {
        "entity": "gejala",
        "start": 27,
        "end": 38,
        "value": "sakit perut",
        "extractor": "RegexEntityExtractor"
      },
      {
        "entity": "kategori",
        "start": 0,
        "end": 11,
        "confidence_entity": 0.9798561334609985,
        "value": "rumah sakit",
        "extractor": "DIETClassifier",
        "processors": [
          "EntitySynonymMapper"
        ]
      },
      {
        "entity": "gejala",
        "start": 27,
        "end": 32,
        "confidence_entity": 0.6097922921180725,
        "value": "sakit",
        "extractor": "DIETClassifier"
      }
    ]
  },
  {
    "text": "apa itu es dawet?",
    "entities": [
      {
        "start": 8,
        "end": 16,
        "value": "es dawet",
        "entity": "kuliner"
      }
    ],
    "predicted_entities": [
      {
        "entity": "kuliner",
        "start": 8,
        "end": 16,
        "value": "es dawet",
        "extractor": "RegexEntityExtractor"
      },
      {
        "entity": "kuliner",
        "start": 8,
        "end": 16,
        "value": "es dawet",
        "extractor": "RegexEntityExtractor"
      }
    ]
  },
  {
    "text": "deskripsikan apa itu sego empok?",
    "entities": [
      {
        "start": 21,
        "end": 31,
        "value": "sego empok",
        "entity": "kuliner"
      }
    ],
    "predicted_entities": []
  },
  {
    "text": "rekomendasi kuliner yang cocok saat hujan di event bazar kampung kuliner?",
    "entities": [
      {
        "start": 36,
        "end": 41,
        "value": "hujan",
        "entity": "cuaca"
      },
      {
        "start": 51,
        "end": 72,
        "value": "bazar kampung kuliner",
        "entity": "event"
      }
    ],
    "predicted_entities": [
      {
        "entity": "event",
        "start": 51,
        "end": 72,
        "value": "bazar kampung kuliner",
        "extractor": "RegexEntityExtractor",
        "processors": [
          "EntitySynonymMapper"
        ]
      },
      {
        "entity": "event",
        "start": 51,
        "end": 72,
        "value": "bazar kampung kuliner",
        "extractor": "RegexEntityExtractor",
        "processors": [
          "EntitySynonymMapper"
        ]
      },
      {
        "entity": "cuaca",
        "start": 36,
        "end": 41,
        "value": "hujan",
        "extractor": "RegexEntityExtractor",
        "processors": [
          "EntitySynonymMapper"
        ]
      },
      {
        "entity": "event",
        "start": 51,
        "end": 72,
        "confidence_entity": 0.9994691014289856,
        "value": "bazar kampung kuliner",
        "extractor": "DIETClassifier",
        "processors": [
          "EntitySynonymMapper"
        ]
      }
    ]
  },
  {
    "text": "rekomendasi kuliner yang cocok saat hujan di kampung cempluk?",
    "entities": [
      {
        "start": 36,
        "end": 41,
        "value": "hujan",
        "entity": "cuaca"
      },
      {
        "start": 45,
        "end": 60,
        "value": "kampung cempluk",
        "entity": "kampung"
      }
    ],
    "predicted_entities": [
      {
        "entity": "kampung",
        "start": 45,
        "end": 60,
        "value": "kampung cempluk",
        "extractor": "RegexEntityExtractor",
        "processors": [
          "EntitySynonymMapper"
        ]
      },
      {
        "entity": "kampung",
        "start": 45,
        "end": 60,
        "value": "kampung cempluk",
        "extractor": "RegexEntityExtractor",
        "processors": [
          "EntitySynonymMapper"
        ]
      },
      {
        "entity": "cuaca",
        "start": 36,
        "end": 41,
        "value": "hujan",
        "extractor": "RegexEntityExtractor",
        "processors": [
          "EntitySynonymMapper"
        ]
      },
      {
        "entity": "kampung",
        "start": 45,
        "end": 60,
        "confidence_entity": 0.9994856119155884,
        "value": "kampung cempluk",
        "extractor": "DIETClassifier",
        "processors": [
          "EntitySynonymMapper"
        ]
      }
    ]
  },
  {
    "text": "saya mengalami batuk parah, dimana bisa berobat?",
    "entities": [
      {
        "start": 15,
        "end": 20,
        "value": "batuk",
        "entity": "gejala"
      }
    ],
    "predicted_entities": [
      {
        "entity": "gejala",
        "start": 15,
        "end": 20,
        "value": "batuk",
        "extractor": "RegexEntityExtractor"
      }
    ]
  },
  {
    "text": "klinik untuk mengobati sakit tenggorokan?",
    "entities": [
      {
        "start": 23,
        "end": 40,
        "value": "sakit tenggorokan",
        "entity": "gejala"
      }
    ],
    "predicted_entities": [
      {
        "entity": "kategori",
        "start": 0,
        "end": 6,
        "value": "klinik",
        "extractor": "RegexEntityExtractor",
        "processors": [
          "EntitySynonymMapper"
        ]
      },
      {
        "entity": "kategori",
        "start": 0,
        "end": 6,
        "value": "klinik",
        "extractor": "RegexEntityExtractor",
        "processors": [
          "EntitySynonymMapper"
        ]
      },
      {
        "entity": "gejala",
        "start": 23,
        "end": 40,
        "value": "sakit tenggorokan",
        "extractor": "RegexEntityExtractor"
      },
      {
        "entity": "kategori",
        "start": 0,
        "end": 6,
        "confidence_entity": 0.986271858215332,
        "value": "klinik",
        "extractor": "DIETClassifier",
        "processors": [
          "EntitySynonymMapper"
        ]
      },
      {
        "entity": "gejala",
        "start": 23,
        "end": 28,
        "confidence_entity": 0.9596997499465942,
        "value": "sakit",
        "extractor": "DIETClassifier"
      }
    ]
  },
  {
    "text": "apa itu nasi pecel?",
    "entities": [
      {
        "start": 8,
        "end": 18,
        "value": "nasi pecel",
        "entity": "kuliner"
      }
    ],
    "predicted_entities": [
      {
        "entity": "kuliner",
        "start": 8,
        "end": 18,
        "value": "nasi pecel",
        "extractor": "RegexEntityExtractor",
        "processors": [
          "EntitySynonymMapper"
        ]
      },
      {
        "entity": "kuliner",
        "start": 8,
        "end": 18,
        "value": "nasi pecel",
        "extractor": "RegexEntityExtractor",
        "processors": [
          "EntitySynonymMapper"
        ]
      },
      {
        "entity": "event",
        "start": 13,
        "end": 18,
        "confidence_entity": 0.38037988543510437,
        "value": "nasi pecel",
        "extractor": "DIETClassifier",
        "processors": [
          "EntitySynonymMapper"
        ]
      }
    ]
  },
  {
    "text": "minuman yang pas untuk sore?",
    "entities": [
      {
        "start": 0,
        "end": 7,
        "value": "minuman",
        "entity": "kategori"
      },
      {
        "start": 23,
        "end": 27,
        "value": "sore",
        "entity": "cuaca"
      }
    ],
    "predicted_entities": [
      {
        "entity": "cuaca",
        "start": 23,
        "end": 27,
        "value": "sore",
        "extractor": "RegexEntityExtractor"
      },
      {
        "entity": "kategori",
        "start": 0,
        "end": 7,
        "confidence_entity": 0.9997586607933044,
        "value": "minuman",
        "extractor": "DIETClassifier",
        "processors": [
          "EntitySynonymMapper"
        ]
      }
    ]
  },
  {
    "text": "makanan yang cocok saat hujan di kampung keramik dinoyo",
    "entities": [
      {
        "start": 0,
        "end": 7,
        "value": "makanan",
        "entity": "kategori"
      },
      {
        "start": 33,
        "end": 55,
        "value": "kampung keramik dinoyo",
        "entity": "kampung"
      }
    ],
    "predicted_entities": [
      {
        "entity": "kampung",
        "start": 33,
        "end": 55,
        "value": "kampung keramik dinoyo",
        "extractor": "RegexEntityExtractor",
        "processors": [
          "EntitySynonymMapper"
        ]
      },
      {
        "entity": "kampung",
        "start": 33,
        "end": 55,
        "value": "kampung keramik dinoyo",
        "extractor": "RegexEntityExtractor",
        "processors": [
          "EntitySynonymMapper"
        ]
      },
      {
        "entity": "cuaca",
        "start": 24,
        "end": 29,
        "value": "hujan",
        "extractor": "RegexEntityExtractor",
        "processors": [
          "EntitySynonymMapper"
        ]
      },
      {
        "entity": "kategori",
        "start": 0,
        "end": 7,
        "confidence_entity": 0.9998296499252319,
        "value": "makanan",
        "extractor": "DIETClassifier",
        "processors": [
          "EntitySynonymMapper"
        ]
      },
      {
        "entity": "cuaca",
        "start": 24,
        "end": 29,
        "confidence_entity": 0.9992669224739075,
        "value": "hujan",
        "extractor": "DIETClassifier",
        "processors": [
          "EntitySynonymMapper"
        ]
      },
      {
        "entity": "kampung",
        "start": 33,
        "end": 55,
        "confidence_entity": 0.9993321299552917,
        "value": "kampung keramik dinoyo",
        "extractor": "DIETClassifier",
        "processors": [
          "EntitySynonymMapper"
        ]
      }
    ]
  },
  {
    "text": "saya kena  gejala pusing yang parah, dimana saya bisa berobat?",
    "entities": [
      {
        "start": 18,
        "end": 24,
        "value": "pusing",
        "entity": "gejala"
      }
    ],
    "predicted_entities": [
      {
        "entity": "gejala",
        "start": 18,
        "end": 24,
        "value": "pusing",
        "extractor": "RegexEntityExtractor"
      }
    ]
  },
  {
    "text": "tempat berobat untuk sakit gigi?",
    "entities": [
      {
        "start": 21,
        "end": 31,
        "value": "sakit gigi",
        "entity": "gejala"
      }
    ],
    "predicted_entities": [
      {
        "entity": "gejala",
        "start": 21,
        "end": 31,
        "value": "sakit gigi",
        "extractor": "RegexEntityExtractor"
      },
      {
        "entity": "gejala",
        "start": 21,
        "end": 26,
        "confidence_entity": 0.9574562907218933,
        "value": "sakit",
        "extractor": "DIETClassifier"
      },
      {
        "entity": "cuaca",
        "start": 27,
        "end": 31,
        "confidence_entity": 0.8449760675430298,
        "value": "gigi",
        "extractor": "DIETClassifier"
      }
    ]
  }
]