[
  {
    "text": "saya ingin tahu kuliner yang cocok saat malam",
    "intent": "tanya_rekomendasi_kuliner_berdasarkan_cuaca",
    "intent_prediction": {
      "name": "tanya_rekomendasi_kuliner_berdasarkan_cuaca_event",
      "confidence": 0.6451523900032043
    }
  },
  {
    "text": "kuliner apa yang cocok saat panas seperti sekarang di kampung ketawanggede?",
    "intent": "tanya_rekomendasi_kuliner_berdasarkan_cuaca_kampung",
    "intent_prediction": {
      "name": "tanya_rekomendasi_kuliner_berdasarkan_cuaca",
      "confidence": 0.6459708213806152
    }
  },
  {
    "text": "dimana lokasi dari situs watugong?",
    "intent": "tanya_lokasi_situs",
    "intent_prediction": {
      "name": "tanya_situs_lokasi_kampung",
      "confidence": 0.4540567696094513
    }
  },
  {
    "text": "tempat klinik daqu sehat?",
    "intent": "tanya_lokasi_layanan_kesehatan",
    "intent_prediction": {
      "name": "tanya_jam_operasional_layanan_kesehatan",
      "confidence": 0.2765771150588989
    }
  },
  {
    "text": "apa itu cenil?",
    "intent": "tanya_general_kuliner",
    "intent_prediction": {
      "name": "tanya_general_event",
      "confidence": 0.4482809007167816
    }
  },
  {
    "text": "kuliner apa yang cocok saat panas seperti sekarang?",
    "intent": "tanya_rekomendasi_kuliner_berdasarkan_cuaca",
    "intent_prediction": {
      "name": "tanya_rekomendasi_kuliner_berdasarkan_cuaca_event",
      "confidence": 0.4241245687007904
    }
  },
  {
    "text": "kuliner apa yang cocok saat mendung?",
    "intent": "tanya_rekomendasi_kuliner_berdasarkan_cuaca",
    "intent_prediction": {
      "name": "tanya_rekomendasi_kuliner_berdasarkan_cuaca_kampung",
      "confidence": 0.7375357151031494
    }
  },
  {
    "text": "rekomendasi makanan yang cocok untuk cuaca saat ini di kampung cempluk?",
    "intent": "tanya_rekomendasi_kuliner_berdasarkan_cuaca_kampung",
    "intent_prediction": {
      "name": "tanya_rekomendasi_kuliner_berdasarkan_cuaca",
      "confidence": 0.6136537194252014
    }
  },
  {
    "text": "ada situs apa saja di kampung watugong?",
    "intent": "tanya_situs_lokasi_kampung",
    "intent_prediction": {
      "name": "tanya_kuliner_lokasi_kampung",
      "confidence": 0.5226563215255737
    }
  },
  {
    "text": "rumah sakit yang menangani sakit perut?",
    "intent": "tanya_jenis_gejala_layanan_kesehatan",
    "intent_prediction": {
      "name": "tanya_kategori_layanan_kesehatan",
      "confidence": 0.7920587658882141
    }
  },
  {
    "text": "sejarah dari klk",
    "intent": "tanya_sejarah_klk",
    "intent_prediction": {
      "name": "tanya_sejarah_event",
      "confidence": 0.41331377625465393
    }
  },
  {
    "text": "ceritakan sejarah klk",
    "intent": "tanya_sejarah_klk",
    "intent_prediction": {
      "name": "tanya_sejarah_kampung",
      "confidence": 0.6565977931022644
    }
  },
  {
    "text": "apa saja peninggalan purbakala yang ada di klk?",
    "intent": "tanya_situs_klk",
    "intent_prediction": {
      "name": "tanya_situs_lokasi_kampung",
      "confidence": 0.5166021585464478
    }
  },
  {
    "text": "rekomendasi kuliner yang cocok saat hujan di event bazar kampung kuliner?",
    "intent": "tanya_rekomendasi_kuliner_berdasarkan_cuaca_event",
    "intent_prediction": {
      "name": "tanya_rekomendasi_kuliner_berdasarkan_cuaca",
      "confidence": 0.5620746612548828
    }
  }
]