{
  "tanya_lokasi_situs": {
    "precision": 1.0,
    "recall": 0.8333333333333334,
    "f1-score": 0.9090909090909091,
    "support": 6,
    "confused_with": {
      "tanya_situs_lokasi_kampung": 1
    }
  },
  "tanya_kategori_layanan_kesehatan_lokasi_kampung": {
    "precision": 1.0,
    "recall": 1.0,
    "f1-score": 1.0,
    "support": 28,
    "confused_with": {}
  },
  "tanya_layanan_kesehatan_klk": {
    "precision": 1.0,
    "recall": 1.0,
    "f1-score": 1.0,
    "support": 5,
    "confused_with": {}
  },
  "tanya_kegiatan_event": {
    "precision": 1.0,
    "recall": 1.0,
    "f1-score": 1.0,
    "support": 6,
    "confused_with": {}
  },
  "tanya_sejarah_klk": {
    "precision": 1.0,
    "recall": 0.7142857142857143,
    "f1-score": 0.8333333333333333,
    "support": 7,
    "confused_with": {
      "tanya_sejarah_kampung": 1,
      "tanya_sejarah_event": 1
    }
  },
  "tanya_situs_lokasi_kampung": {
    "precision": 0.8333333333333334,
    "recall": 0.9090909090909091,
    "f1-score": 0.8695652173913043,
    "support": 11,
    "confused_with": {
      "tanya_kuliner_lokasi_kampung": 1
    }
  },
  "goodbye": {
    "precision": 0.9375,
    "recall": 1.0,
    "f1-score": 0.967741935483871,
    "support": 15,
    "confused_with": {}
  },
  "tanya_tujuan_event": {
    "precision": 1.0,
    "recall": 1.0,
    "f1-score": 1.0,
    "support": 19,
    "confused_with": {}
  },
  "tanya_rekomendasi_kuliner_berdasarkan_cuaca": {
    "precision": 0.7692307692307693,
    "recall": 0.7692307692307693,
    "f1-score": 0.7692307692307693,
    "support": 13,
    "confused_with": {
      "tanya_rekomendasi_kuliner_berdasarkan_cuaca_event": 2,
      "tanya_rekomendasi_kuliner_berdasarkan_cuaca_kampung": 1
    }
  },
  "tanya_general_kuliner": {
    "precision": 1.0,
    "recall": 0.9090909090909091,
    "f1-score": 0.9523809523809523,
    "support": 11,
    "confused_with": {
      "tanya_general_event": 1
    }
  }, 
  "tanya_sejarah_event": {
    "precision": 0.9615384615384616,
    "recall": 1.0,
    "f1-score": 0.9803921568627451,
    "support": 25,
    "confused_with": {}
  },
  "tanya_tanggal_event": {
    "precision": 0.9615384615384616,
    "recall": 1.0,
    "f1-score": 0.9803921568627451,
    "support": 25,
    "confused_with": {}
  },
  "tanya_rekomendasi_kuliner_berdasarkan_cuaca_event": {
    "precision": 0.8181818181818182,
    "recall": 0.9,
    "f1-score": 0.8571428571428572,
    "support": 10,
    "confused_with": {
      "tanya_rekomendasi_kuliner_berdasarkan_cuaca": 1
    }
  }, 
  "tanya_jam_operasional_layanan_kesehatan": {
    "precision": 0.8333333333333334,
    "recall": 1.0,
    "f1-score": 0.9090909090909091,
    "support": 5,
    "confused_with": {}
  }, 
  "greet": {
    "precision": 1.0,
    "recall": 0.8571428571428571,
    "f1-score": 0.923076923076923,
    "support": 7,
    "confused_with": {
      "goodbye": 1
    }
  },
  "tanya_contact_kampung": {
    "precision": 1.0,
    "recall": 1.0,
    "f1-score": 1.0,
    "support": 12,
    "confused_with": {}
  },
  "tanya_situs_klk": {
    "precision": 1.0,
    "recall": 0.8333333333333334,
    "f1-score": 0.9090909090909091,
    "support": 6,
    "confused_with": {
      "tanya_situs_lokasi_kampung": 1
    }
  },
  "tanya_kuliner_lokasi_event": {
    "precision": 1.0,
    "recall": 1.0,
    "f1-score": 1.0,
    "support": 30,
    "confused_with": {}
  }, 
  "tanya_jenis_gejala_layanan_kesehatan": {
    "precision": 1.0,
    "recall": 0.8888888888888888,
    "f1-score": 0.9411764705882353,
    "support": 9,
    "confused_with": {
      "tanya_kategori_layanan_kesehatan": 1
    }
  },  
  "tanya_general_kampung": {
    "precision": 1.0,
    "recall": 1.0,
    "f1-score": 1.0,
    "support": 12,
    "confused_with": {}
  }, 
  "tanya_kuliner_lokasi_kampung": {
    "precision": 0.9473684210526315,
    "recall": 1.0,
    "f1-score": 0.972972972972973,
    "support": 18,
    "confused_with": {}
  }, 
  "tanya_lokasi_event": {
    "precision": 0.9666666666666667,
    "recall": 1.0,
    "f1-score": 0.983050847457627,
    "support": 29,
    "confused_with": {}
  }, 
  "tanya_rekomendasi_kuliner_berdasarkan_cuaca_kampung": {
    "precision": 0.9,
    "recall": 0.8181818181818182,
    "f1-score": 0.8571428571428572,
    "support": 11,
    "confused_with": {
      "tanya_rekomendasi_kuliner_berdasarkan_cuaca": 2
    }
  },
  "tanya_general_event": {
    "precision": 0.9444444444444444,
    "recall": 1.0,
    "f1-score": 0.9714285714285714,
    "support": 17,
    "confused_with": {}
  }, 
  "tanya_kategori_layanan_kesehatan": {
    "precision": 0.9,
    "recall": 1.0,
    "f1-score": 0.9473684210526316,
    "support": 9,
    "confused_with": {}
  },
  "tanya_general_klk": {
    "precision": 1.0,
    "recall": 1.0,
    "f1-score": 1.0,
    "support": 10,
    "confused_with": {}
  },
  "tanya_event_klk": {
    "precision": 1.0,
    "recall": 0.875,
    "f1-score": 0.9333333333333333,
    "support": 8,
    "confused_with": {
      "tanya_tanggal_event": 1
    }
  },
  "tanya_lokasi_layanan_kesehatan": {
    "precision": 1.0,
    "recall": 0.8571428571428571,
    "f1-score": 0.923076923076923,
    "support": 7,
    "confused_with": {
      "tanya_jam_operasional_layanan_kesehatan": 1
    }
  },  
  "tanya_contact_event": {
    "precision": 1.0,
    "recall": 0.875,
    "f1-score": 0.9333333333333333,
    "support": 8,
    "confused_with": {
      "tanya_lokasi_event": 1
    }
  },
  "tanya_sejarah_kampung": {
    "precision": 0.9411764705882353,
    "recall": 1.0,
    "f1-score": 0.9696969696969697,
    "support": 16,
    "confused_with": {}
  },  
  "accuracy": 0.9569620253164557,
  "macro avg": {
    "precision": 0.9571437393302719,
    "recall": 0.9346573796573796,
    "f1-score": 0.9431036576373893,
    "support": 395
  },
  "weighted avg": {
    "precision": 0.9591263761755005,
    "recall": 0.9569620253164557,
    "f1-score": 0.956379147167516,
    "support": 395
  },
  "micro avg": {
    "precision": 0.9569620253164557,
    "recall": 0.9569620253164557,
    "f1-score": 0.9569620253164557,
    "support": 395
  }
}