[
  {
    "text": "ada minuman apa saja yang ada di event festival kampung cempluk?",
    "entities": [
      {
        "start": 4,
        "end": 11,
        "value": "minuman",
        "entity": "kategori"
      },
      {
        "start": 39,
        "end": 63,
        "value": "festival kampung cempluk",
        "entity": "event"
      }
    ],
    "predicted_entities": [
      {
        "entity": "event",
        "start": 39,
        "end": 63,
        "value": "festival kampung cempluk",
        "extractor": "RegexEntityExtractor",
        "processors": [
          "EntitySynonymMapper"
        ]
      },
      {
        "entity": "kampung",
        "start": 48,
        "end": 63,
        "value": "kampung cempluk",
        "extractor": "RegexEntityExtractor",
        "processors": [
          "EntitySynonymMapper"
        ]
      },
      {
        "entity": "event",
        "start": 39,
        "end": 63,
        "value": "festival kampung cempluk",
        "extractor": "RegexEntityExtractor",
        "processors": [
          "EntitySynonymMapper"
        ]
      },
      {
        "entity": "kampung",
        "start": 48,
        "end": 63,
        "value": "kampung cempluk",
        "extractor": "RegexEntityExtractor",
        "processors": [
          "EntitySynonymMapper"
        ]
      },
      {
        "entity": "kategori",
        "start": 4,
        "end": 11,
        "confidence_entity": 0.9997884631156921,
        "value": "minuman",
        "extractor": "DIETClassifier",
        "processors": [
          "EntitySynonymMapper"
        ]
      },
      {
        "entity": "event",
        "start": 39,
        "end": 63,
        "confidence_entity": 0.9996272325515747,
        "value": "festival kampung cempluk",
        "extractor": "DIETClassifier",
        "processors": [
          "EntitySynonymMapper"
        ]
      }
    ]
  },
  {
    "text": "ada minuman apa saja yang ada di event bazar kampung kuliner?",
    "entities": [
      {
        "start": 4,
        "end": 11,
        "value": "minuman",
        "entity": "kategori"
      },
      {
        "start": 39,
        "end": 60,
        "value": "bazar kampung kuliner",
        "entity": "event"
      }
    ],
    "predicted_entities": [
      {
        "entity": "event",
        "start": 39,
        "end": 60,
        "value": "bazar kampung kuliner",
        "extractor": "RegexEntityExtractor",
        "processors": [
          "EntitySynonymMapper"
        ]
      },
      {
        "entity": "event",
        "start": 39,
        "end": 60,
        "value": "bazar kampung kuliner",
        "extractor": "RegexEntityExtractor",
        "processors": [
          "EntitySynonymMapper"
        ]
      },
      {
        "entity": "kategori",
        "start": 4,
        "end": 11,
        "confidence_entity": 0.9997588992118835,
        "value": "minuman",
        "extractor": "DIETClassifier",
        "processors": [
          "EntitySynonymMapper"
        ]
      },
      {
        "entity": "event",
        "start": 39,
        "end": 60,
        "confidence_entity": 0.9995712637901306,
        "value": "bazar kampung kuliner",
        "extractor": "DIETClassifier",
        "processors": [
          "EntitySynonymMapper"
        ]
      }
    ]
  },
  {
    "text": "minuman yang dijual di event festival keramik dinoyo?",
    "entities": [
      {
        "start": 0,
        "end": 7,
        "value": "minuman",
        "entity": "kategori"
      },
      {
        "start": 29,
        "end": 52,
        "value": "festival keramik dinoyo",
        "entity": "event"
      }
    ],
    "predicted_entities": [
      {
        "entity": "event",
        "start": 29,
        "end": 52,
        "value": "festival keramik dinoyo",
        "extractor": "RegexEntityExtractor",
        "processors": [
          "EntitySynonymMapper"
        ]
      },
      {
        "entity": "event",
        "start": 29,
        "end": 52,
        "value": "festival keramik dinoyo",
        "extractor": "RegexEntityExtractor",
        "processors": [
          "EntitySynonymMapper"
        ]
      },
      {
        "entity": "kategori",
        "start": 0,
        "end": 7,
        "confidence_entity": 0.9997221827507019,
        "value": "minuman",
        "extractor": "DIETClassifier",
        "processors": [
          "EntitySynonymMapper"
        ]
      },
      {
        "entity": "event",
        "start": 29,
        "end": 52,
        "confidence_entity": 0.9995149374008179,
        "value": "festival keramik dinoyo",
        "extractor": "DIETClassifier",
        "processors": [
          "EntitySynonymMapper"
        ]
      }
    ]
  },
  {
    "text": "makanan yang dijual di event festival kali brantas?",
    "entities": [
      {
        "start": 0,
        "end": 7,
        "value": "makanan",
        "entity": "kategori"
      },
      {
        "start": 29,
        "end": 50,
        "value": "festival kali brantas",
        "entity": "event"
      }
    ],
    "predicted_entities": [
      {
        "entity": "event",
        "start": 29,
        "end": 50,
        "value": "festival kali brantas",
        "extractor": "RegexEntityExtractor",
        "processors": [
          "EntitySynonymMapper"
        ]
      },
      {
        "entity": "event",
        "start": 29,
        "end": 50,
        "value": "festival kali brantas",
        "extractor": "RegexEntityExtractor",
        "processors": [
          "EntitySynonymMapper"
        ]
      },
      {
        "entity": "kategori",
        "start": 0,
        "end": 7,
        "confidence_entity": 0.9997195601463318,
        "value": "makanan",
        "extractor": "DIETClassifier",
        "processors": [
          "EntitySynonymMapper"
        ]
      },
      {
        "entity": "event",
        "start": 29,
        "end": 50,
        "confidence_entity": 0.9996975660324097,
        "value": "festival kali brantas",
        "extractor": "DIETClassifier",
        "processors": [
          "EntitySynonymMapper"
        ]
      }
    ]
  },
  {
    "text": "makanan apa saja yang ada di kampung ketawanggede?",
    "entities": [
      {
        "start": 0,
        "end": 7,
        "value": "makanan",
        "entity": "kategori"
      },
      {
        "start": 29,
        "end": 49,
        "value": "kampung ketawanggede",
        "entity": "kampung"
      }
    ],
    "predicted_entities": [
      {
        "entity": "kampung",
        "start": 29,
        "end": 49,
        "value": "kampung ketawanggede",
        "extractor": "RegexEntityExtractor",
        "processors": [
          "EntitySynonymMapper"
        ]
      },
      {
        "entity": "kampung",
        "start": 29,
        "end": 49,
        "value": "kampung ketawanggede",
        "extractor": "RegexEntityExtractor",
        "processors": [
          "EntitySynonymMapper"
        ]
      },
      {
        "entity": "kategori",
        "start": 0,
        "end": 7,
        "confidence_entity": 0.9997696280479431,
        "value": "makanan",
        "extractor": "DIETClassifier",
        "processors": [
          "EntitySynonymMapper"
        ]
      },
      {
        "entity": "kampung",
        "start": 29,
        "end": 49,
        "confidence_entity": 0.9997193217277527,
        "value": "kampung ketawanggede",
        "extractor": "DIETClassifier",
        "processors": [
          "EntitySynonymMapper"
        ]
      }
    ]
  },
  {
    "text": "makanan apa saja yang ada di kampung keramik dinoyo?",
    "entities": [
      {
        "start": 0,
        "end": 7,
        "value": "makanan",
        "entity": "kategori"
      },
      {
        "start": 29,
        "end": 51,
        "value": "kampung keramik dinoyo",
        "entity": "kampung"
      }
    ],
    "predicted_entities": [
      {
        "entity": "kampung",
        "start": 29,
        "end": 51,
        "value": "kampung keramik dinoyo",
        "extractor": "RegexEntityExtractor",
        "processors": [
          "EntitySynonymMapper"
        ]
      },
      {
        "entity": "kampung",
        "start": 29,
        "end": 51,
        "value": "kampung keramik dinoyo",
        "extractor": "RegexEntityExtractor",
        "processors": [
          "EntitySynonymMapper"
        ]
      },
      {
        "entity": "kategori",
        "start": 0,
        "end": 7,
        "confidence_entity": 0.9997772574424744,
        "value": "makanan",
        "extractor": "DIETClassifier",
        "processors": [
          "EntitySynonymMapper"
        ]
      },
      {
        "entity": "kampung",
        "start": 29,
        "end": 51,
        "confidence_entity": 0.999278724193573,
        "value": "kampung keramik dinoyo",
        "extractor": "DIETClassifier",
        "processors": [
          "EntitySynonymMapper"
        ]
      }
    ]
  },
  {
    "text": "makanan apa saja yang ada di kampung sumbersari?",
    "entities": [
      {
        "start": 0,
        "end": 7,
        "value": "makanan",
        "entity": "kategori"
      },
      {
        "start": 29,
        "end": 47,
        "value": "kampung sumbersari",
        "entity": "kampung"
      }
    ],
    "predicted_entities": [
      {
        "entity": "kampung",
        "start": 29,
        "end": 47,
        "value": "kampung sumbersari",
        "extractor": "RegexEntityExtractor",
        "processors": [
          "EntitySynonymMapper"
        ]
      },
      {
        "entity": "kampung",
        "start": 29,
        "end": 47,
        "value": "kampung sumbersari",
        "extractor": "RegexEntityExtractor",
        "processors": [
          "EntitySynonymMapper"
        ]
      },
      {
        "entity": "kategori",
        "start": 0,
        "end": 7,
        "confidence_entity": 0.9997665286064148,
        "value": "makanan",
        "extractor": "DIETClassifier",
        "processors": [
          "EntitySynonymMapper"
        ]
      },
      {
        "entity": "kampung",
        "start": 29,
        "end": 47,
        "confidence_entity": 0.9996780157089233,
        "value": "kampung sumbersari",
        "extractor": "DIETClassifier",
        "processors": [
          "EntitySynonymMapper"
        ]
      }
    ]
  },
  {
    "text": "apa makanan terbaik untuk siang?",
    "entities": [
      {
        "start": 4,
        "end": 11,
        "value": "makanan",
        "entity": "kategori"
      },
      {
        "start": 26,
        "end": 31,
        "value": "siang",
        "entity": "cuaca"
      }
    ],
    "predicted_entities": [
      {
        "entity": "cuaca",
        "start": 26,
        "end": 31,
        "value": "siang",
        "extractor": "RegexEntityExtractor",
        "processors": [
          "EntitySynonymMapper"
        ]
      },
      {
        "entity": "kategori",
        "start": 4,
        "end": 11,
        "confidence_entity": 0.9997052550315857,
        "value": "makanan",
        "extractor": "DIETClassifier",
        "processors": [
          "EntitySynonymMapper"
        ]
      },
      {
        "entity": "cuaca",
        "start": 26,
        "end": 31,
        "confidence_entity": 0.9992514252662659,
        "value": "siang",
        "extractor": "DIETClassifier",
        "processors": [
          "EntitySynonymMapper"
        ]
      }
    ]
  },
  {
    "text": "apa rekomendasi makanan saat mendung di event festival kali brantas?",
    "entities": [
      {
        "start": 16,
        "end": 23,
        "value": "makanan",
        "entity": "kategori"
      },
      {
        "start": 29,
        "end": 36,
        "value": "mendung",
        "entity": "cuaca"
      },
      {
        "start": 46,
        "end": 67,
        "value": "festival kali brantas",
        "entity": "event"
      }
    ],
    "predicted_entities": [
      {
        "entity": "event",
        "start": 46,
        "end": 67,
        "value": "festival kali brantas",
        "extractor": "RegexEntityExtractor",
        "processors": [
          "EntitySynonymMapper"
        ]
      },
      {
        "entity": "event",
        "start": 46,
        "end": 67,
        "value": "festival kali brantas",
        "extractor": "RegexEntityExtractor",
        "processors": [
          "EntitySynonymMapper"
        ]
      },
      {
        "entity": "cuaca",
        "start": 29,
        "end": 36,
        "value": "mendung",
        "extractor": "RegexEntityExtractor",
        "processors": [
          "EntitySynonymMapper"
        ]
      },
      {
        "entity": "kategori",
        "start": 16,
        "end": 23,
        "confidence_entity": 0.9997163414955139,
        "value": "makanan",
        "extractor": "DIETClassifier",
        "processors": [
          "EntitySynonymMapper"
        ]
      },
      {
        "entity": "cuaca",
        "start": 29,
        "end": 36,
        "confidence_entity": 0.9977588653564453,
        "value": "mendung",
        "extractor": "DIETClassifier",
        "processors": [
          "EntitySynonymMapper"
        ]
      },
      {
        "entity": "event",
        "start": 46,
        "end": 67,
        "confidence_entity": 0.9997250437736511,
        "value": "festival kali brantas",
        "extractor": "DIETClassifier",
        "processors": [
          "EntitySynonymMapper"
        ]
      }
    ]
  },
  {
    "text": "tempat klinik daqu sehat?",
    "entities": [
      {
        "start": 7,
        "end": 24,
        "value": "klinik daqu sehat",
        "entity": "kesehatan"
      }
    ],
    "predicted_entities": [
      {
        "entity": "kategori",
        "start": 7,
        "end": 13,
        "value": "klinik",
        "extractor": "RegexEntityExtractor",
        "processors": [
          "EntitySynonymMapper"
        ]
      },
      {
        "entity": "kesehatan",
        "start": 7,
        "end": 24,
        "value": "klinik daqu sehat",
        "extractor": "RegexEntityExtractor",
        "processors": [
          "EntitySynonymMapper"
        ]
      },
      {
        "entity": "kategori",
        "start": 7,
        "end": 13,
        "value": "klinik",
        "extractor": "RegexEntityExtractor",
        "processors": [
          "EntitySynonymMapper"
        ]
      },
      {
        "entity": "kesehatan",
        "start": 7,
        "end": 24,
        "confidence_entity": 0.9437574744224548,
        "value": "klinik daqu sehat",
        "extractor": "DIETClassifier",
        "processors": [
          "EntitySynonymMapper"
        ]
      }
    ]
  },
  {
    "text": "jam operasional rumah sakit islam unisma",
    "entities": [
      {
        "start": 16,
        "end": 40,
        "value": "rumah sakit islam unisma",
        "entity": "kesehatan"
      }
    ],
    "predicted_entities": [
      {
        "entity": "kategori",
        "start": 16,
        "end": 27,
        "value": "rumah sakit",
        "extractor": "RegexEntityExtractor",
        "processors": [
          "EntitySynonymMapper"
        ]
      },
      {
        "entity": "kesehatan",
        "start": 16,
        "end": 40,
        "value": "rumah sakit islam unisma",
        "extractor": "RegexEntityExtractor",
        "processors": [
          "EntitySynonymMapper"
        ]
      },
      {
        "entity": "kategori",
        "start": 16,
        "end": 27,
        "value": "rumah sakit",
        "extractor": "RegexEntityExtractor",
        "processors": [
          "EntitySynonymMapper"
        ]
      },
      {
        "entity": "kesehatan",
        "start": 16,
        "end": 40,
        "confidence_entity": 0.9891391396522522,
        "value": "rumah sakit islam unisma",
        "extractor": "DIETClassifier",
        "processors": [
          "EntitySynonymMapper"
        ]
      }
    ]
  },
  {
    "text": "ada minuman apa saja yang ada di event festival keramik dinoyo?",
    "entities": [
      {
        "start": 4,
        "end": 11,
        "value": "minuman",
        "entity": "kategori"
      },
      {
        "start": 39,
        "end": 62,
        "value": "festival keramik dinoyo",
        "entity": "event"
      }
    ],
    "predicted_entities": [
      {
        "entity": "event",
        "start": 39,
        "end": 62,
        "value": "festival keramik dinoyo",
        "extractor": "RegexEntityExtractor",
        "processors": [
          "EntitySynonymMapper"
        ]
      },
      {
        "entity": "event",
        "start": 39,
        "end": 62,
        "value": "festival keramik dinoyo",
        "extractor": "RegexEntityExtractor",
        "processors": [
          "EntitySynonymMapper"
        ]
      },
      {
        "entity": "kategori",
        "start": 4,
        "end": 11,
        "confidence_entity": 0.9998725652694702,
        "value": "minuman",
        "extractor": "DIETClassifier",
        "processors": [
          "EntitySynonymMapper"
        ]
      },
      {
        "entity": "event",
        "start": 39,
        "end": 62,
        "confidence_entity": 0.9992156028747559,
        "value": "festival keramik dinoyo",
        "extractor": "DIETClassifier",
        "processors": [
          "EntitySynonymMapper"
        ]
      }
    ]
  },
  {
    "text": "minuman yang dijual di event festival kampung budoyo?",
    "entities": [
      {
        "start": 0,
        "end": 7,
        "value": "minuman",
        "entity": "kategori"
      },
      {
        "start": 29,
        "end": 52,
        "value": "festival kampung budoyo",
        "entity": "event"
      }
    ],
    "predicted_entities": [
      {
        "entity": "event",
        "start": 29,
        "end": 52,
        "value": "festival kampung budoyo",
        "extractor": "RegexEntityExtractor",
        "processors": [
          "EntitySynonymMapper"
        ]
      },
      {
        "entity": "event",
        "start": 29,
        "end": 52,
        "value": "festival kampung budoyo",
        "extractor": "RegexEntityExtractor",
        "processors": [
          "EntitySynonymMapper"
        ]
      },
      {
        "entity": "kategori",
        "start": 0,
        "end": 7,
        "confidence_entity": 0.9998468160629272,
        "value": "minuman",
        "extractor": "DIETClassifier",
        "processors": [
          "EntitySynonymMapper"
        ]
      },
      {
        "entity": "event",
        "start": 29,
        "end": 52,
        "confidence_entity": 0.9997194409370422,
        "value": "festival kampung budoyo",
        "extractor": "DIETClassifier",
        "processors": [
          "EntitySynonymMapper"
        ]
      }
    ]
  },
  {
    "text": "minuman yang dijual di event festival kali brantas?",
    "entities": [
      {
        "start": 0,
        "end": 7,
        "value": "minuman",
        "entity": "kategori"
      },
      {
        "start": 29,
        "end": 50,
        "value": "festival kali brantas",
        "entity": "event"
      }
    ],
    "predicted_entities": [
      {
        "entity": "event",
        "start": 29,
        "end": 50,
        "value": "festival kali brantas",
        "extractor": "RegexEntityExtractor",
        "processors": [
          "EntitySynonymMapper"
        ]
      },
      {
        "entity": "event",
        "start": 29,
        "end": 50,
        "value": "festival kali brantas",
        "extractor": "RegexEntityExtractor",
        "processors": [
          "EntitySynonymMapper"
        ]
      },
      {
        "entity": "kategori",
        "start": 0,
        "end": 7,
        "confidence_entity": 0.999843955039978,
        "value": "minuman",
        "extractor": "DIETClassifier",
        "processors": [
          "EntitySynonymMapper"
        ]
      },
      {
        "entity": "event",
        "start": 29,
        "end": 50,
        "confidence_entity": 0.9996429681777954,
        "value": "festival kali brantas",
        "extractor": "DIETClassifier",
        "processors": [
          "EntitySynonymMapper"
        ]
      }
    ]
  },
  {
    "text": "makanan yang dijual di event festival kampung cempluk?",
    "entities": [
      {
        "start": 0,
        "end": 7,
        "value": "makanan",
        "entity": "kategori"
      },
      {
        "start": 29,
        "end": 53,
        "value": "festival kampung cempluk",
        "entity": "event"
      }
    ],
    "predicted_entities": [
      {
        "entity": "event",
        "start": 29,
        "end": 53,
        "value": "festival kampung cempluk",
        "extractor": "RegexEntityExtractor",
        "processors": [
          "EntitySynonymMapper"
        ]
      },
      {
        "entity": "kampung",
        "start": 38,
        "end": 53,
        "value": "kampung cempluk",
        "extractor": "RegexEntityExtractor",
        "processors": [
          "EntitySynonymMapper"
        ]
      },
      {
        "entity": "event",
        "start": 29,
        "end": 53,
        "value": "festival kampung cempluk",
        "extractor": "RegexEntityExtractor",
        "processors": [
          "EntitySynonymMapper"
        ]
      },
      {
        "entity": "kampung",
        "start": 38,
        "end": 53,
        "value": "kampung cempluk",
        "extractor": "RegexEntityExtractor",
        "processors": [
          "EntitySynonymMapper"
        ]
      },
      {
        "entity": "kategori",
        "start": 0,
        "end": 7,
        "confidence_entity": 0.9998592138290405,
        "value": "makanan",
        "extractor": "DIETClassifier",
        "processors": [
          "EntitySynonymMapper"
        ]
      },
      {
        "entity": "event",
        "start": 29,
        "end": 53,
        "confidence_entity": 0.9996519088745117,
        "value": "festival kampung cempluk",
        "extractor": "DIETClassifier",
        "processors": [
          "EntitySynonymMapper"
        ]
      }
    ]
  },
  {
    "text": "makanan apa saja yang ada di kampung cempluk?",
    "entities": [
      {
        "start": 0,
        "end": 7,
        "value": "makanan",
        "entity": "kategori"
      },
      {
        "start": 29,
        "end": 44,
        "value": "kampung cempluk",
        "entity": "kampung"
      }
    ],
    "predicted_entities": [
      {
        "entity": "kampung",
        "start": 29,
        "end": 44,
        "value": "kampung cempluk",
        "extractor": "RegexEntityExtractor",
        "processors": [
          "EntitySynonymMapper"
        ]
      },
      {
        "entity": "kampung",
        "start": 29,
        "end": 44,
        "value": "kampung cempluk",
        "extractor": "RegexEntityExtractor",
        "processors": [
          "EntitySynonymMapper"
        ]
      },
      {
        "entity": "kategori",
        "start": 0,
        "end": 7,
        "confidence_entity": 0.999845027923584,
        "value": "makanan",
        "extractor": "DIETClassifier",
        "processors": [
          "EntitySynonymMapper"
        ]
      },
      {
        "entity": "kampung",
        "start": 29,
        "end": 44,
        "confidence_entity": 0.9996708631515503,
        "value": "kampung cempluk",
        "extractor": "DIETClassifier",
        "processors": [
          "EntitySynonymMapper"
        ]
      }
    ]
  },
  {
    "text": "minuman apa saja yang ada di kampung sumbersari?",
    "entities": [
      {
        "start": 0,
        "end": 7,
        "value": "minuman",
        "entity": "kategori"
      },
      {
        "start": 29,
        "end": 47,
        "value": "kampung sumbersari",
        "entity": "kampung"
      }
    ],
    "predicted_entities": [
      {
        "entity": "kampung",
        "start": 29,
        "end": 47,
        "value": "kampung sumbersari",
        "extractor": "RegexEntityExtractor",
        "processors": [
          "EntitySynonymMapper"
        ]
      },
      {
        "entity": "kampung",
        "start": 29,
        "end": 47,
        "value": "kampung sumbersari",
        "extractor": "RegexEntityExtractor",
        "processors": [
          "EntitySynonymMapper"
        ]
      },
      {
        "entity": "kategori",
        "start": 0,
        "end": 7,
        "confidence_entity": 0.9998071789741516,
        "value": "minuman",
        "extractor": "DIETClassifier",
        "processors": [
          "EntitySynonymMapper"
        ]
      },
      {
        "entity": "kampung",
        "start": 29,
        "end": 47,
        "confidence_entity": 0.9995113611221313,
        "value": "kampung sumbersari",
        "extractor": "DIETClassifier",
        "processors": [
          "EntitySynonymMapper"
        ]
      }
    ]
  },
  {
    "text": "rekomendasi minuman saat gerah",
    "entities": [
      {
        "start": 12,
        "end": 19,
        "value": "minuman",
        "entity": "kategori"
      },
      {
        "start": 25,
        "end": 30,
        "value": "gerah",
        "entity": "cuaca"
      }
    ],
    "predicted_entities": [
      {
        "entity": "cuaca",
        "start": 25,
        "end": 30,
        "value": "gerah",
        "extractor": "RegexEntityExtractor"
      },
      {
        "entity": "kategori",
        "start": 12,
        "end": 19,
        "confidence_entity": 0.9997808337211609,
        "value": "minuman",
        "extractor": "DIETClassifier",
        "processors": [
          "EntitySynonymMapper"
        ]
      }
    ]
  },
  {
    "text": "makanan apa yang cocok saat dingin di event festival kampung budoyo?",
    "entities": [
      {
        "start": 0,
        "end": 7,
        "value": "makanan",
        "entity": "kategori"
      },
      {
        "start": 28,
        "end": 34,
        "value": "dingin",
        "entity": "cuaca"
      },
      {
        "start": 44,
        "end": 67,
        "value": "festival kampung budoyo",
        "entity": "event"
      }
    ],
    "predicted_entities": [
      {
        "entity": "event",
        "start": 44,
        "end": 67,
        "value": "festival kampung budoyo",
        "extractor": "RegexEntityExtractor",
        "processors": [
          "EntitySynonymMapper"
        ]
      },
      {
        "entity": "event",
        "start": 44,
        "end": 67,
        "value": "festival kampung budoyo",
        "extractor": "RegexEntityExtractor",
        "processors": [
          "EntitySynonymMapper"
        ]
      },
      {
        "entity": "cuaca",
        "start": 28,
        "end": 34,
        "value": "dingin",
        "extractor": "RegexEntityExtractor",
        "processors": [
          "EntitySynonymMapper"
        ]
      },
      {
        "entity": "kategori",
        "start": 0,
        "end": 7,
        "confidence_entity": 0.9998192191123962,
        "value": "makanan",
        "extractor": "DIETClassifier",
        "processors": [
          "EntitySynonymMapper"
        ]
      },
      {
        "entity": "cuaca",
        "start": 28,
        "end": 34,
        "confidence_entity": 0.9995130300521851,
        "value": "dingin",
        "extractor": "DIETClassifier",
        "processors": [
          "EntitySynonymMapper"
        ]
      },
      {
        "entity": "event",
        "start": 44,
        "end": 67,
        "confidence_entity": 0.9997249245643616,
        "value": "festival kampung budoyo",
        "extractor": "DIETClassifier",
        "processors": [
          "EntitySynonymMapper"
        ]
      }
    ]
  },
  {
    "text": "berikan rekomendasi minuman saat siang di kampung keramik dinoyo?",
    "entities": [
      {
        "start": 20,
        "end": 27,
        "value": "minuman",
        "entity": "kategori"
      },
      {
        "start": 33,
        "end": 38,
        "value": "siang",
        "entity": "cuaca"
      },
      {
        "start": 42,
        "end": 64,
        "value": "kampung keramik dinoyo",
        "entity": "kampung"
      }
    ],
    "predicted_entities": [
      {
        "entity": "kampung",
        "start": 42,
        "end": 64,
        "value": "kampung keramik dinoyo",
        "extractor": "RegexEntityExtractor",
        "processors": [
          "EntitySynonymMapper"
        ]
      },
      {
        "entity": "kampung",
        "start": 42,
        "end": 64,
        "value": "kampung keramik dinoyo",
        "extractor": "RegexEntityExtractor",
        "processors": [
          "EntitySynonymMapper"
        ]
      },
      {
        "entity": "cuaca",
        "start": 33,
        "end": 38,
        "value": "siang",
        "extractor": "RegexEntityExtractor",
        "processors": [
          "EntitySynonymMapper"
        ]
      },
      {
        "entity": "kategori",
        "start": 20,
        "end": 27,
        "confidence_entity": 0.9998393058776855,
        "value": "minuman",
        "extractor": "DIETClassifier",
        "processors": [
          "EntitySynonymMapper"
        ]
      },
      {
        "entity": "cuaca",
        "start": 33,
        "end": 38,
        "confidence_entity": 0.9989691972732544,
        "value": "siang",
        "extractor": "DIETClassifier",
        "processors": [
          "EntitySynonymMapper"
        ]
      },
      {
        "entity": "kampung",
        "start": 42,
        "end": 64,
        "confidence_entity": 0.9994213581085205,
        "value": "kampung keramik dinoyo",
        "extractor": "DIETClassifier",
        "processors": [
          "EntitySynonymMapper"
        ]
      }
    ]
  },
  {
    "text": "rekomendasi makanan yang cocok untuk cuaca saat ini di kampung cempluk?",
    "entities": [
      {
        "start": 12,
        "end": 19,
        "value": "makanan",
        "entity": "kategori"
      },
      {
        "start": 55,
        "end": 70,
        "value": "kampung cempluk",
        "entity": "kampung"
      }
    ],
    "predicted_entities": [
      {
        "entity": "kampung",
        "start": 55,
        "end": 70,
        "value": "kampung cempluk",
        "extractor": "RegexEntityExtractor",
        "processors": [
          "EntitySynonymMapper"
        ]
      },
      {
        "entity": "kampung",
        "start": 55,
        "end": 70,
        "value": "kampung cempluk",
        "extractor": "RegexEntityExtractor",
        "processors": [
          "EntitySynonymMapper"
        ]
      },
      {
        "entity": "kategori",
        "start": 12,
        "end": 19,
        "confidence_entity": 0.9998781681060791,
        "value": "makanan",
        "extractor": "DIETClassifier",
        "processors": [
          "EntitySynonymMapper"
        ]
      },
      {
        "entity": "kampung",
        "start": 55,
        "end": 70,
        "confidence_entity": 0.9994868040084839,
        "value": "kampung cempluk",
        "extractor": "DIETClassifier",
        "processors": [
          "EntitySynonymMapper"
        ]
      }
    ]
  },
  {
    "text": "rumah sakit yang menangani sakit perut?",
    "entities": [
      {
        "start": 27,
        "end": 38,
        "value": "sakit perut",
        "entity": "gejala"
      }
    ],
    "predicted_entities": [
      {
        "entity": "kategori",
        "start": 0,
        "end": 11,
        "value": "rumah sakit",
        "extractor": "RegexEntityExtractor",
        "processors": [
          "EntitySynonymMapper"
        ]
      },
      {
        "entity": "kategori",
        "start": 0,
        "end": 11,
        "value": "rumah sakit",
        "extractor": "RegexEntityExtractor",
        "processors": [
          "EntitySynonymMapper"
        ]
      },
      {
        "entity": "gejala",
        "start": 27,
        "end": 38,
        "value": "sakit perut",
        "extractor": "RegexEntityExtractor"
      },
      {
        "entity": "kategori",
        "start": 0,
        "end": 11,
        "confidence_entity": 0.9798561334609985,
        "value": "rumah sakit",
        "extractor": "DIETClassifier",
        "processors": [
          "EntitySynonymMapper"
        ]
      },
      {
        "entity": "gejala",
        "start": 27,
        "end": 32,
        "confidence_entity": 0.6097922921180725,
        "value": "sakit",
        "extractor": "DIETClassifier"
      }
    ]
  },
  {
    "text": "dimana lokasi rumah sakit islam unisma?",
    "entities": [
      {
        "start": 14,
        "end": 38,
        "value": "rumah sakit islam unisma",
        "entity": "kesehatan"
      }
    ],
    "predicted_entities": [
      {
        "entity": "kategori",
        "start": 14,
        "end": 25,
        "value": "rumah sakit",
        "extractor": "RegexEntityExtractor",
        "processors": [
          "EntitySynonymMapper"
        ]
      },
      {
        "entity": "kesehatan",
        "start": 14,
        "end": 38,
        "value": "rumah sakit islam unisma",
        "extractor": "RegexEntityExtractor",
        "processors": [
          "EntitySynonymMapper"
        ]
      },
      {
        "entity": "kategori",
        "start": 14,
        "end": 25,
        "value": "rumah sakit",
        "extractor": "RegexEntityExtractor",
        "processors": [
          "EntitySynonymMapper"
        ]
      },
      {
        "entity": "kesehatan",
        "start": 14,
        "end": 38,
        "confidence_entity": 0.9802932739257812,
        "value": "rumah sakit islam unisma",
        "extractor": "DIETClassifier",
        "processors": [
          "EntitySynonymMapper"
        ]
      }
    ]
  },
  {
    "text": "jam buka rumah sakit universitas brawijaya",
    "entities": [
      {
        "start": 9,
        "end": 42,
        "value": "rumah sakit universitas brawijaya",
        "entity": "kesehatan"
      }
    ],
    "predicted_entities": [
      {
        "entity": "kategori",
        "start": 9,
        "end": 20,
        "value": "rumah sakit",
        "extractor": "RegexEntityExtractor",
        "processors": [
          "EntitySynonymMapper"
        ]
      },
      {
        "entity": "kesehatan",
        "start": 9,
        "end": 42,
        "value": "rumah sakit universitas brawijaya",
        "extractor": "RegexEntityExtractor",
        "processors": [
          "EntitySynonymMapper"
        ]
      },
      {
        "entity": "kategori",
        "start": 9,
        "end": 20,
        "value": "rumah sakit",
        "extractor": "RegexEntityExtractor",
        "processors": [
          "EntitySynonymMapper"
        ]
      },
      {
        "entity": "kesehatan",
        "start": 9,
        "end": 42,
        "confidence_entity": 0.9815106987953186,
        "value": "rumah sakit universitas brawijaya",
        "extractor": "DIETClassifier",
        "processors": [
          "EntitySynonymMapper"
        ]
      }
    ]
  },
  {
    "text": "deskripsikan apa itu sego empok?",
    "entities": [
      {
        "start": 21,
        "end": 31,
        "value": "sego empok",
        "entity": "kuliner"
      }
    ],
    "predicted_entities": []
  },
  {
    "text": "ada minuman apa saja yang ada di event festival kali brantas?",
    "entities": [
      {
        "start": 4,
        "end": 11,
        "value": "minuman",
        "entity": "kategori"
      },
      {
        "start": 39,
        "end": 60,
        "value": "festival kali brantas",
        "entity": "event"
      }
    ],
    "predicted_entities": [
      {
        "entity": "event",
        "start": 39,
        "end": 60,
        "value": "festival kali brantas",
        "extractor": "RegexEntityExtractor",
        "processors": [
          "EntitySynonymMapper"
        ]
      },
      {
        "entity": "event",
        "start": 39,
        "end": 60,
        "value": "festival kali brantas",
        "extractor": "RegexEntityExtractor",
        "processors": [
          "EntitySynonymMapper"
        ]
      },
      {
        "entity": "kategori",
        "start": 4,
        "end": 11,
        "confidence_entity": 0.9997748732566833,
        "value": "minuman",
        "extractor": "DIETClassifier",
        "processors": [
          "EntitySynonymMapper"
        ]
      },
      {
        "entity": "event",
        "start": 39,
        "end": 60,
        "confidence_entity": 0.9995772242546082,
        "value": "festival kali brantas",
        "extractor": "DIETClassifier",
        "processors": [
          "EntitySynonymMapper"
        ]
      }
    ]
  },
  {
    "text": "ada makanan apa saja yang ada di event bazar kampung kuliner?",
    "entities": [
      {
        "start": 4,
        "end": 11,
        "value": "makanan",
        "entity": "kategori"
      },
      {
        "start": 39,
        "end": 60,
        "value": "bazar kampung kuliner",
        "entity": "event"
      }
    ],
    "predicted_entities": [
      {
        "entity": "event",
        "start": 39,
        "end": 60,
        "value": "bazar kampung kuliner",
        "extractor": "RegexEntityExtractor",
        "processors": [
          "EntitySynonymMapper"
        ]
      },
      {
        "entity": "event",
        "start": 39,
        "end": 60,
        "value": "bazar kampung kuliner",
        "extractor": "RegexEntityExtractor",
        "processors": [
          "EntitySynonymMapper"
        ]
      },
      {
        "entity": "kategori",
        "start": 4,
        "end": 11,
        "confidence_entity": 0.9997634291648865,
        "value": "makanan",
        "extractor": "DIETClassifier",
        "processors": [
          "EntitySynonymMapper"
        ]
      },
      {
        "entity": "event",
        "start": 39,
        "end": 60,
        "confidence_entity": 0.9995829463005066,
        "value": "bazar kampung kuliner",
        "extractor": "DIETClassifier",
        "processors": [
          "EntitySynonymMapper"
        ]
      }
    ]
  },
  {
    "text": "makanan yang dijual di event festival keramik dinoyo?",
    "entities": [
      {
        "start": 0,
        "end": 7,
        "value": "makanan",
        "entity": "kategori"
      },
      {
        "start": 29,
        "end": 52,
        "value": "festival keramik dinoyo",
        "entity": "event"
      }
    ],
    "predicted_entities": [
      {
        "entity": "event",
        "start": 29,
        "end": 52,
        "value": "festival keramik dinoyo",
        "extractor": "RegexEntityExtractor",
        "processors": [
          "EntitySynonymMapper"
        ]
      },
      {
        "entity": "event",
        "start": 29,
        "end": 52,
        "value": "festival keramik dinoyo",
        "extractor": "RegexEntityExtractor",
        "processors": [
          "EntitySynonymMapper"
        ]
      },
      {
        "entity": "kategori",
        "start": 0,
        "end": 7,
        "confidence_entity": 0.999717652797699,
        "value": "makanan",
        "extractor": "DIETClassifier",
        "processors": [
          "EntitySynonymMapper"
        ]
      },
      {
        "entity": "event",
        "start": 29,
        "end": 52,
        "confidence_entity": 0.999264657497406,
        "value": "festival keramik dinoyo",
        "extractor": "DIETClassifier",
        "processors": [
          "EntitySynonymMapper"
        ]
      }
    ]
  },
  {
    "text": "minuman apa saja yang ada di kampung keramik dinoyo?",
    "entities": [
      {
        "start": 0,
        "end": 7,
        "value": "minuman",
        "entity": "kategori"
      },
      {
        "start": 29,
        "end": 51,
        "value": "kampung keramik dinoyo",
        "entity": "kampung"
      }
    ],
    "predicted_entities": [
      {
        "entity": "kampung",
        "start": 29,
        "end": 51,
        "value": "kampung keramik dinoyo",
        "extractor": "RegexEntityExtractor",
        "processors": [
          "EntitySynonymMapper"
        ]
      },
      {
        "entity": "kampung",
        "start": 29,
        "end": 51,
        "value": "kampung keramik dinoyo",
        "extractor": "RegexEntityExtractor",
        "processors": [
          "EntitySynonymMapper"
        ]
      },
      {
        "entity": "kategori",
        "start": 0,
        "end": 7,
        "confidence_entity": 0.9996368885040283,
        "value": "minuman",
        "extractor": "DIETClassifier",
        "processors": [
          "EntitySynonymMapper"
        ]
      },
      {
        "entity": "kampung",
        "start": 29,
        "end": 51,
        "confidence_entity": 0.9989370703697205,
        "value": "kampung keramik dinoyo",
        "extractor": "DIETClassifier",
        "processors": [
          "EntitySynonymMapper"
        ]
      }
    ]
  },
  {
    "text": "minuman apa saja yang ada di kampung cempluk?",
    "entities": [
      {
        "start": 0,
        "end": 7,
        "value": "minuman",
        "entity": "kategori"
      },
      {
        "start": 29,
        "end": 44,
        "value": "kampung cempluk",
        "entity": "kampung"
      }
    ],
    "predicted_entities": [
      {
        "entity": "kampung",
        "start": 29,
        "end": 44,
        "value": "kampung cempluk",
        "extractor": "RegexEntityExtractor",
        "processors": [
          "EntitySynonymMapper"
        ]
      },
      {
        "entity": "kampung",
        "start": 29,
        "end": 44,
        "value": "kampung cempluk",
        "extractor": "RegexEntityExtractor",
        "processors": [
          "EntitySynonymMapper"
        ]
      },
      {
        "entity": "kategori",
        "start": 0,
        "end": 7,
        "confidence_entity": 0.9996324777603149,
        "value": "minuman",
        "extractor": "DIETClassifier",
        "processors": [
          "EntitySynonymMapper"
        ]
      },
      {
        "entity": "kampung",
        "start": 29,
        "end": 44,
        "confidence_entity": 0.9995424747467041,
        "value": "kampung cempluk",
        "extractor": "DIETClassifier",
        "processors": [
          "EntitySynonymMapper"
        ]
      }
    ]
  },
  {
    "text": "makanan yang dijual di kampung ketawanggede?",
    "entities": [
      {
        "start": 0,
        "end": 7,
        "value": "makanan",
        "entity": "kategori"
      },
      {
        "start": 23,
        "end": 43,
        "value": "kampung ketawanggede",
        "entity": "kampung"
      }
    ],
    "predicted_entities": [
      {
        "entity": "kampung",
        "start": 23,
        "end": 43,
        "value": "kampung ketawanggede",
        "extractor": "RegexEntityExtractor",
        "processors": [
          "EntitySynonymMapper"
        ]
      },
      {
        "entity": "kampung",
        "start": 23,
        "end": 43,
        "value": "kampung ketawanggede",
        "extractor": "RegexEntityExtractor",
        "processors": [
          "EntitySynonymMapper"
        ]
      },
      {
        "entity": "kategori",
        "start": 0,
        "end": 7,
        "confidence_entity": 0.999639630317688,
        "value": "makanan",
        "extractor": "DIETClassifier",
        "processors": [
          "EntitySynonymMapper"
        ]
      },
      {
        "entity": "kampung",
        "start": 23,
        "end": 43,
        "confidence_entity": 0.9996860027313232,
        "value": "kampung ketawanggede",
        "extractor": "DIETClassifier",
        "processors": [
          "EntitySynonymMapper"
        ]
      }
    ]
  },
  {
    "text": "makanan apa yang cocok saat dingin saat ini?",
    "entities": [
      {
        "start": 0,
        "end": 7,
        "value": "makanan",
        "entity": "kategori"
      },
      {
        "start": 28,
        "end": 34,
        "value": "dingin",
        "entity": "cuaca"
      }
    ],
    "predicted_entities": [
      {
        "entity": "cuaca",
        "start": 28,
        "end": 34,
        "value": "dingin",
        "extractor": "RegexEntityExtractor",
        "processors": [
          "EntitySynonymMapper"
        ]
      },
      {
        "entity": "kategori",
        "start": 0,
        "end": 7,
        "confidence_entity": 0.999630331993103,
        "value": "makanan",
        "extractor": "DIETClassifier",
        "processors": [
          "EntitySynonymMapper"
        ]
      },
      {
        "entity": "cuaca",
        "start": 28,
        "end": 34,
        "confidence_entity": 0.9996167421340942,
        "value": "dingin",
        "extractor": "DIETClassifier",
        "processors": [
          "EntitySynonymMapper"
        ]
      }
    ]
  },
  {
    "text": "makanan apa yang cocok saat ini?",
    "entities": [
      {
        "start": 0,
        "end": 7,
        "value": "makanan",
        "entity": "kategori"
      }
    ],
    "predicted_entities": [
      {
        "entity": "kategori",
        "start": 0,
        "end": 7,
        "confidence_entity": 0.9995971322059631,
        "value": "makanan",
        "extractor": "DIETClassifier",
        "processors": [
          "EntitySynonymMapper"
        ]
      }
    ]
  },
  {
    "text": "rekomendasi makanan di kampung ketawanggede untuk cuaca sekarang",
    "entities": [
      {
        "start": 12,
        "end": 19,
        "value": "makanan",
        "entity": "kategori"
      },
      {
        "start": 23,
        "end": 43,
        "value": "kampung ketawanggede",
        "entity": "kampung"
      }
    ],
    "predicted_entities": [
      {
        "entity": "kampung",
        "start": 23,
        "end": 43,
        "value": "kampung ketawanggede",
        "extractor": "RegexEntityExtractor",
        "processors": [
          "EntitySynonymMapper"
        ]
      },
      {
        "entity": "kampung",
        "start": 23,
        "end": 43,
        "value": "kampung ketawanggede",
        "extractor": "RegexEntityExtractor",
        "processors": [
          "EntitySynonymMapper"
        ]
      },
      {
        "entity": "kategori",
        "start": 12,
        "end": 19,
        "confidence_entity": 0.9997144341468811,
        "value": "makanan",
        "extractor": "DIETClassifier",
        "processors": [
          "EntitySynonymMapper"
        ]
      },
      {
        "entity": "kampung",
        "start": 23,
        "end": 43,
        "confidence_entity": 0.9995734095573425,
        "value": "kampung ketawanggede",
        "extractor": "DIETClassifier",
        "processors": [
          "EntitySynonymMapper"
        ]
      }
    ]
  },
  {
    "text": "klinik untuk mengobati sakit tenggorokan?",
    "entities": [
      {
        "start": 23,
        "end": 40,
        "value": "sakit tenggorokan",
        "entity": "gejala"
      }
    ],
    "predicted_entities": [
      {
        "entity": "kategori",
        "start": 0,
        "end": 6,
        "value": "klinik",
        "extractor": "RegexEntityExtractor",
        "processors": [
          "EntitySynonymMapper"
        ]
      },
      {
        "entity": "kategori",
        "start": 0,
        "end": 6,
        "value": "klinik",
        "extractor": "RegexEntityExtractor",
        "processors": [
          "EntitySynonymMapper"
        ]
      },
      {
        "entity": "gejala",
        "start": 23,
        "end": 40,
        "value": "sakit tenggorokan",
        "extractor": "RegexEntityExtractor"
      },
      {
        "entity": "kategori",
        "start": 0,
        "end": 6,
        "confidence_entity": 0.986271858215332,
        "value": "klinik",
        "extractor": "DIETClassifier",
        "processors": [
          "EntitySynonymMapper"
        ]
      },
      {
        "entity": "gejala",
        "start": 23,
        "end": 28,
        "confidence_entity": 0.9596997499465942,
        "value": "sakit",
        "extractor": "DIETClassifier"
      }
    ]
  },
  {
    "text": "dimana lokasi rumah sakit universitas brawijaya?",
    "entities": [
      {
        "start": 14,
        "end": 47,
        "value": "rumah sakit universitas brawijaya",
        "entity": "kesehatan"
      }
    ],
    "predicted_entities": [
      {
        "entity": "kategori",
        "start": 14,
        "end": 25,
        "value": "rumah sakit",
        "extractor": "RegexEntityExtractor",
        "processors": [
          "EntitySynonymMapper"
        ]
      },
      {
        "entity": "kesehatan",
        "start": 14,
        "end": 47,
        "value": "rumah sakit universitas brawijaya",
        "extractor": "RegexEntityExtractor",
        "processors": [
          "EntitySynonymMapper"
        ]
      },
      {
        "entity": "kategori",
        "start": 14,
        "end": 25,
        "value": "rumah sakit",
        "extractor": "RegexEntityExtractor",
        "processors": [
          "EntitySynonymMapper"
        ]
      },
      {
        "entity": "kesehatan",
        "start": 14,
        "end": 47,
        "confidence_entity": 0.9871826171875,
        "value": "rumah sakit universitas brawijaya",
        "extractor": "DIETClassifier",
        "processors": [
          "EntitySynonymMapper"
        ]
      }
    ]
  },
  {
    "text": "jam buka rumah sakit umum bri medika",
    "entities": [
      {
        "start": 9,
        "end": 36,
        "value": "rumah sakit umum bri medika",
        "entity": "kesehatan"
      }
    ],
    "predicted_entities": [
      {
        "entity": "kategori",
        "start": 9,
        "end": 20,
        "value": "rumah sakit",
        "extractor": "RegexEntityExtractor",
        "processors": [
          "EntitySynonymMapper"
        ]
      },
      {
        "entity": "kesehatan",
        "start": 9,
        "end": 36,
        "value": "rumah sakit umum bri medika",
        "extractor": "RegexEntityExtractor",
        "processors": [
          "EntitySynonymMapper"
        ]
      },
      {
        "entity": "kategori",
        "start": 9,
        "end": 20,
        "value": "rumah sakit",
        "extractor": "RegexEntityExtractor",
        "processors": [
          "EntitySynonymMapper"
        ]
      },
      {
        "entity": "kesehatan",
        "start": 9,
        "end": 36,
        "confidence_entity": 0.9901543855667114,
        "value": "rumah sakit umum bri medika",
        "extractor": "DIETClassifier",
        "processors": [
          "EntitySynonymMapper"
        ]
      }
    ]
  },
  {
    "text": "ada makanan apa saja yang ada di event festival kampung budoyo?",
    "entities": [
      {
        "start": 4,
        "end": 11,
        "value": "makanan",
        "entity": "kategori"
      },
      {
        "start": 39,
        "end": 62,
        "value": "festival kampung budoyo",
        "entity": "event"
      }
    ],
    "predicted_entities": [
      {
        "entity": "event",
        "start": 39,
        "end": 62,
        "value": "festival kampung budoyo",
        "extractor": "RegexEntityExtractor",
        "processors": [
          "EntitySynonymMapper"
        ]
      },
      {
        "entity": "event",
        "start": 39,
        "end": 62,
        "value": "festival kampung budoyo",
        "extractor": "RegexEntityExtractor",
        "processors": [
          "EntitySynonymMapper"
        ]
      },
      {
        "entity": "kategori",
        "start": 4,
        "end": 11,
        "confidence_entity": 0.9997808337211609,
        "value": "makanan",
        "extractor": "DIETClassifier",
        "processors": [
          "EntitySynonymMapper"
        ]
      },
      {
        "entity": "event",
        "start": 39,
        "end": 62,
        "confidence_entity": 0.9995038509368896,
        "value": "festival kampung budoyo",
        "extractor": "DIETClassifier",
        "processors": [
          "EntitySynonymMapper"
        ]
      }
    ]
  },
  {
    "text": "makanan yang dijual di event festival kampung budoyo?",
    "entities": [
      {
        "start": 0,
        "end": 7,
        "value": "makanan",
        "entity": "kategori"
      },
      {
        "start": 29,
        "end": 52,
        "value": "festival kampung budoyo",
        "entity": "event"
      }
    ],
    "predicted_entities": [
      {
        "entity": "event",
        "start": 29,
        "end": 52,
        "value": "festival kampung budoyo",
        "extractor": "RegexEntityExtractor",
        "processors": [
          "EntitySynonymMapper"
        ]
      },
      {
        "entity": "event",
        "start": 29,
        "end": 52,
        "value": "festival kampung budoyo",
        "extractor": "RegexEntityExtractor",
        "processors": [
          "EntitySynonymMapper"
        ]
      },
      {
        "entity": "kategori",
        "start": 0,
        "end": 7,
        "confidence_entity": 0.9997989535331726,
        "value": "makanan",
        "extractor": "DIETClassifier",
        "processors": [
          "EntitySynonymMapper"
        ]
      },
      {
        "entity": "event",
        "start": 29,
        "end": 52,
        "confidence_entity": 0.9996529817581177,
        "value": "festival kampung budoyo",
        "extractor": "DIETClassifier",
        "processors": [
          "EntitySynonymMapper"
        ]
      }
    ]
  },
  {
    "text": "makanan yang dijual di event bazar kampung kuliner?",
    "entities": [
      {
        "start": 0,
        "end": 7,
        "value": "makanan",
        "entity": "kategori"
      },
      {
        "start": 29,
        "end": 50,
        "value": "bazar kampung kuliner",
        "entity": "event"
      }
    ],
    "predicted_entities": [
      {
        "entity": "event",
        "start": 29,
        "end": 50,
        "value": "bazar kampung kuliner",
        "extractor": "RegexEntityExtractor",
        "processors": [
          "EntitySynonymMapper"
        ]
      },
      {
        "entity": "event",
        "start": 29,
        "end": 50,
        "value": "bazar kampung kuliner",
        "extractor": "RegexEntityExtractor",
        "processors": [
          "EntitySynonymMapper"
        ]
      },
      {
        "entity": "kategori",
        "start": 0,
        "end": 7,
        "confidence_entity": 0.9997979998588562,
        "value": "makanan",
        "extractor": "DIETClassifier",
        "processors": [
          "EntitySynonymMapper"
        ]
      },
      {
        "entity": "event",
        "start": 29,
        "end": 50,
        "confidence_entity": 0.9995591044425964,
        "value": "bazar kampung kuliner",
        "extractor": "DIETClassifier",
        "processors": [
          "EntitySynonymMapper"
        ]
      }
    ]
  },
  {
    "text": "minuman apa saja yang ada di kampung ketawanggede?",
    "entities": [
      {
        "start": 0,
        "end": 7,
        "value": "minuman",
        "entity": "kategori"
      },
      {
        "start": 29,
        "end": 49,
        "value": "kampung ketawanggede",
        "entity": "kampung"
      }
    ],
    "predicted_entities": [
      {
        "entity": "kampung",
        "start": 29,
        "end": 49,
        "value": "kampung ketawanggede",
        "extractor": "RegexEntityExtractor",
        "processors": [
          "EntitySynonymMapper"
        ]
      },
      {
        "entity": "kampung",
        "start": 29,
        "end": 49,
        "value": "kampung ketawanggede",
        "extractor": "RegexEntityExtractor",
        "processors": [
          "EntitySynonymMapper"
        ]
      },
      {
        "entity": "kategori",
        "start": 0,
        "end": 7,
        "confidence_entity": 0.9998171925544739,
        "value": "minuman",
        "extractor": "DIETClassifier",
        "processors": [
          "EntitySynonymMapper"
        ]
      },
      {
        "entity": "kampung",
        "start": 29,
        "end": 49,
        "confidence_entity": 0.9997642636299133,
        "value": "kampung ketawanggede",
        "extractor": "DIETClassifier",
        "processors": [
          "EntitySynonymMapper"
        ]
      }
    ]
  },
  {
    "text": "minuman yang tersedia di kampung keramik dinoyo?",
    "entities": [
      {
        "start": 0,
        "end": 7,
        "value": "minuman",
        "entity": "kategori"
      },
      {
        "start": 25,
        "end": 47,
        "value": "kampung keramik dinoyo",
        "entity": "kampung"
      }
    ],
    "predicted_entities": [
      {
        "entity": "kampung",
        "start": 25,
        "end": 47,
        "value": "kampung keramik dinoyo",
        "extractor": "RegexEntityExtractor",
        "processors": [
          "EntitySynonymMapper"
        ]
      },
      {
        "entity": "kampung",
        "start": 25,
        "end": 47,
        "value": "kampung keramik dinoyo",
        "extractor": "RegexEntityExtractor",
        "processors": [
          "EntitySynonymMapper"
        ]
      },
      {
        "entity": "kategori",
        "start": 0,
        "end": 7,
        "confidence_entity": 0.999853253364563,
        "value": "minuman",
        "extractor": "DIETClassifier",
        "processors": [
          "EntitySynonymMapper"
        ]
      },
      {
        "entity": "kampung",
        "start": 25,
        "end": 47,
        "confidence_entity": 0.9992443323135376,
        "value": "kampung keramik dinoyo",
        "extractor": "DIETClassifier",
        "processors": [
          "EntitySynonymMapper"
        ]
      }
    ]
  },
  {
    "text": "rekomendasi makanan untuk cuaca sekarang",
    "entities": [
      {
        "start": 12,
        "end": 19,
        "value": "makanan",
        "entity": "kategori"
      }
    ],
    "predicted_entities": [
      {
        "entity": "kategori",
        "start": 12,
        "end": 19,
        "confidence_entity": 0.9997498393058777,
        "value": "makanan",
        "extractor": "DIETClassifier",
        "processors": [
          "EntitySynonymMapper"
        ]
      }
    ]
  },
  {
    "text": "minuman yang pas untuk sore?",
    "entities": [
      {
        "start": 0,
        "end": 7,
        "value": "minuman",
        "entity": "kategori"
      },
      {
        "start": 23,
        "end": 27,
        "value": "sore",
        "entity": "cuaca"
      }
    ],
    "predicted_entities": [
      {
        "entity": "cuaca",
        "start": 23,
        "end": 27,
        "value": "sore",
        "extractor": "RegexEntityExtractor"
      },
      {
        "entity": "kategori",
        "start": 0,
        "end": 7,
        "confidence_entity": 0.9997586607933044,
        "value": "minuman",
        "extractor": "DIETClassifier",
        "processors": [
          "EntitySynonymMapper"
        ]
      }
    ]
  },
  {
    "text": "makanan yang cocok saat hujan di kampung keramik dinoyo",
    "entities": [
      {
        "start": 0,
        "end": 7,
        "value": "makanan",
        "entity": "kategori"
      },
      {
        "start": 33,
        "end": 55,
        "value": "kampung keramik dinoyo",
        "entity": "kampung"
      }
    ],
    "predicted_entities": [
      {
        "entity": "kampung",
        "start": 33,
        "end": 55,
        "value": "kampung keramik dinoyo",
        "extractor": "RegexEntityExtractor",
        "processors": [
          "EntitySynonymMapper"
        ]
      },
      {
        "entity": "kampung",
        "start": 33,
        "end": 55,
        "value": "kampung keramik dinoyo",
        "extractor": "RegexEntityExtractor",
        "processors": [
          "EntitySynonymMapper"
        ]
      },
      {
        "entity": "cuaca",
        "start": 24,
        "end": 29,
        "value": "hujan",
        "extractor": "RegexEntityExtractor",
        "processors": [
          "EntitySynonymMapper"
        ]
      },
      {
        "entity": "kategori",
        "start": 0,
        "end": 7,
        "confidence_entity": 0.9998296499252319,
        "value": "makanan",
        "extractor": "DIETClassifier",
        "processors": [
          "EntitySynonymMapper"
        ]
      },
      {
        "entity": "cuaca",
        "start": 24,
        "end": 29,
        "confidence_entity": 0.9992669224739075,
        "value": "hujan",
        "extractor": "DIETClassifier",
        "processors": [
          "EntitySynonymMapper"
        ]
      },
      {
        "entity": "kampung",
        "start": 33,
        "end": 55,
        "confidence_entity": 0.9993321299552917,
        "value": "kampung keramik dinoyo",
        "extractor": "DIETClassifier",
        "processors": [
          "EntitySynonymMapper"
        ]
      }
    ]
  },
  {
    "text": "dimana lokasi rumah sakit umum bri medika",
    "entities": [
      {
        "start": 14,
        "end": 41,
        "value": "rumah sakit umum bri medika",
        "entity": "kesehatan"
      }
    ],
    "predicted_entities": [
      {
        "entity": "kategori",
        "start": 14,
        "end": 25,
        "value": "rumah sakit",
        "extractor": "RegexEntityExtractor",
        "processors": [
          "EntitySynonymMapper"
        ]
      },
      {
        "entity": "kesehatan",
        "start": 14,
        "end": 41,
        "value": "rumah sakit umum bri medika",
        "extractor": "RegexEntityExtractor",
        "processors": [
          "EntitySynonymMapper"
        ]
      },
      {
        "entity": "kategori",
        "start": 14,
        "end": 25,
        "value": "rumah sakit",
        "extractor": "RegexEntityExtractor",
        "processors": [
          "EntitySynonymMapper"
        ]
      },
      {
        "entity": "kesehatan",
        "start": 14,
        "end": 41,
        "confidence_entity": 0.9888120889663696,
        "value": "rumah sakit umum bri medika",
        "extractor": "DIETClassifier",
        "processors": [
          "EntitySynonymMapper"
        ]
      }
    ]
  },
  {
    "text": "lokasi puskesmas sumbersari?",
    "entities": [
      {
        "start": 7,
        "end": 27,
        "value": "puskesmas sumbersari",
        "entity": "kesehatan"
      }
    ],
    "predicted_entities": [
      {
        "entity": "kategori",
        "start": 7,
        "end": 16,
        "value": "puskesmas",
        "extractor": "RegexEntityExtractor",
        "processors": [
          "EntitySynonymMapper"
        ]
      },
      {
        "entity": "kesehatan",
        "start": 7,
        "end": 27,
        "value": "puskesmas sumbersari",
        "extractor": "RegexEntityExtractor",
        "processors": [
          "EntitySynonymMapper"
        ]
      },
      {
        "entity": "kategori",
        "start": 7,
        "end": 16,
        "value": "puskesmas",
        "extractor": "RegexEntityExtractor",
        "processors": [
          "EntitySynonymMapper"
        ]
      },
      {
        "entity": "kesehatan",
        "start": 7,
        "end": 27,
        "confidence_entity": 0.990247905254364,
        "value": "puskesmas sumbersari",
        "extractor": "DIETClassifier",
        "processors": [
          "EntitySynonymMapper"
        ]
      }
    ]
  },
  {
    "text": "jam operasional klinik daqu sehat",
    "entities": [
      {
        "start": 16,
        "end": 33,
        "value": "klinik daqu sehat",
        "entity": "kesehatan"
      }
    ],
    "predicted_entities": [
      {
        "entity": "kategori",
        "start": 16,
        "end": 22,
        "value": "klinik",
        "extractor": "RegexEntityExtractor",
        "processors": [
          "EntitySynonymMapper"
        ]
      },
      {
        "entity": "kesehatan",
        "start": 16,
        "end": 33,
        "value": "klinik daqu sehat",
        "extractor": "RegexEntityExtractor",
        "processors": [
          "EntitySynonymMapper"
        ]
      },
      {
        "entity": "kategori",
        "start": 16,
        "end": 22,
        "value": "klinik",
        "extractor": "RegexEntityExtractor",
        "processors": [
          "EntitySynonymMapper"
        ]
      },
      {
        "entity": "kesehatan",
        "start": 16,
        "end": 33,
        "confidence_entity": 0.9888356328010559,
        "value": "klinik daqu sehat",
        "extractor": "DIETClassifier",
        "processors": [
          "EntitySynonymMapper"
        ]
      }
    ]
  },
  {
    "text": "ada minuman apa saja yang ada di event festival kampung budoyo?",
    "entities": [
      {
        "start": 4,
        "end": 11,
        "value": "minuman",
        "entity": "kategori"
      },
      {
        "start": 39,
        "end": 62,
        "value": "festival kampung budoyo",
        "entity": "event"
      }
    ],
    "predicted_entities": [
      {
        "entity": "event",
        "start": 39,
        "end": 62,
        "value": "festival kampung budoyo",
        "extractor": "RegexEntityExtractor",
        "processors": [
          "EntitySynonymMapper"
        ]
      },
      {
        "entity": "event",
        "start": 39,
        "end": 62,
        "value": "festival kampung budoyo",
        "extractor": "RegexEntityExtractor",
        "processors": [
          "EntitySynonymMapper"
        ]
      },
      {
        "entity": "kategori",
        "start": 4,
        "end": 11,
        "confidence_entity": 0.9998316764831543,
        "value": "minuman",
        "extractor": "DIETClassifier",
        "processors": [
          "EntitySynonymMapper"
        ]
      },
      {
        "entity": "event",
        "start": 39,
        "end": 62,
        "confidence_entity": 0.9996310472488403,
        "value": "festival kampung budoyo",
        "extractor": "DIETClassifier",
        "processors": [
          "EntitySynonymMapper"
        ]
      }
    ]
  },
  {
    "text": "ada makanan apa saja yang ada di event festival keramik dinoyo?",
    "entities": [
      {
        "start": 4,
        "end": 11,
        "value": "makanan",
        "entity": "kategori"
      },
      {
        "start": 39,
        "end": 62,
        "value": "festival keramik dinoyo",
        "entity": "event"
      }
    ],
    "predicted_entities": [
      {
        "entity": "event",
        "start": 39,
        "end": 62,
        "value": "festival keramik dinoyo",
        "extractor": "RegexEntityExtractor",
        "processors": [
          "EntitySynonymMapper"
        ]
      },
      {
        "entity": "event",
        "start": 39,
        "end": 62,
        "value": "festival keramik dinoyo",
        "extractor": "RegexEntityExtractor",
        "processors": [
          "EntitySynonymMapper"
        ]
      },
      {
        "entity": "kategori",
        "start": 4,
        "end": 11,
        "confidence_entity": 0.9997811913490295,
        "value": "makanan",
        "extractor": "DIETClassifier",
        "processors": [
          "EntitySynonymMapper"
        ]
      },
      {
        "entity": "event",
        "start": 39,
        "end": 62,
        "confidence_entity": 0.9989664554595947,
        "value": "festival keramik dinoyo",
        "extractor": "DIETClassifier",
        "processors": [
          "EntitySynonymMapper"
        ]
      }
    ]
  },
  {
    "text": "ada makanan apa saja yang ada di event festival kali brantas?",
    "entities": [
      {
        "start": 4,
        "end": 11,
        "value": "makanan",
        "entity": "kategori"
      },
      {
        "start": 39,
        "end": 60,
        "value": "festival kali brantas",
        "entity": "event"
      }
    ],
    "predicted_entities": [
      {
        "entity": "event",
        "start": 39,
        "end": 60,
        "value": "festival kali brantas",
        "extractor": "RegexEntityExtractor",
        "processors": [
          "EntitySynonymMapper"
        ]
      },
      {
        "entity": "event",
        "start": 39,
        "end": 60,
        "value": "festival kali brantas",
        "extractor": "RegexEntityExtractor",
        "processors": [
          "EntitySynonymMapper"
        ]
      },
      {
        "entity": "kategori",
        "start": 4,
        "end": 11,
        "confidence_entity": 0.9997739195823669,
        "value": "makanan",
        "extractor": "DIETClassifier",
        "processors": [
          "EntitySynonymMapper"
        ]
      },
      {
        "entity": "event",
        "start": 39,
        "end": 60,
        "confidence_entity": 0.9994040727615356,
        "value": "festival kali brantas",
        "extractor": "DIETClassifier",
        "processors": [
          "EntitySynonymMapper"
        ]
      }
    ]
  },
  {
    "text": "ada makanan apa saja yang ada di event festival kampung cempluk?",
    "entities": [
      {
        "start": 4,
        "end": 11,
        "value": "makanan",
        "entity": "kategori"
      },
      {
        "start": 39,
        "end": 63,
        "value": "festival kampung cempluk",
        "entity": "event"
      }
    ],
    "predicted_entities": [
      {
        "entity": "event",
        "start": 39,
        "end": 63,
        "value": "festival kampung cempluk",
        "extractor": "RegexEntityExtractor",
        "processors": [
          "EntitySynonymMapper"
        ]
      },
      {
        "entity": "kampung",
        "start": 48,
        "end": 63,
        "value": "kampung cempluk",
        "extractor": "RegexEntityExtractor",
        "processors": [
          "EntitySynonymMapper"
        ]
      },
      {
        "entity": "event",
        "start": 39,
        "end": 63,
        "value": "festival kampung cempluk",
        "extractor": "RegexEntityExtractor",
        "processors": [
          "EntitySynonymMapper"
        ]
      },
      {
        "entity": "kampung",
        "start": 48,
        "end": 63,
        "value": "kampung cempluk",
        "extractor": "RegexEntityExtractor",
        "processors": [
          "EntitySynonymMapper"
        ]
      },
      {
        "entity": "kategori",
        "start": 4,
        "end": 11,
        "confidence_entity": 0.9997887015342712,
        "value": "makanan",
        "extractor": "DIETClassifier",
        "processors": [
          "EntitySynonymMapper"
        ]
      },
      {
        "entity": "event",
        "start": 39,
        "end": 63,
        "confidence_entity": 0.9996604919433594,
        "value": "festival kampung cempluk",
        "extractor": "DIETClassifier",
        "processors": [
          "EntitySynonymMapper"
        ]
      }
    ]
  },
  {
    "text": "minuman yang dijual di event festival kampung cempluk?",
    "entities": [
      {
        "start": 0,
        "end": 7,
        "value": "minuman",
        "entity": "kategori"
      },
      {
        "start": 29,
        "end": 53,
        "value": "festival kampung cempluk",
        "entity": "event"
      }
    ],
    "predicted_entities": [
      {
        "entity": "event",
        "start": 29,
        "end": 53,
        "value": "festival kampung cempluk",
        "extractor": "RegexEntityExtractor",
        "processors": [
          "EntitySynonymMapper"
        ]
      },
      {
        "entity": "kampung",
        "start": 38,
        "end": 53,
        "value": "kampung cempluk",
        "extractor": "RegexEntityExtractor",
        "processors": [
          "EntitySynonymMapper"
        ]
      },
      {
        "entity": "event",
        "start": 29,
        "end": 53,
        "value": "festival kampung cempluk",
        "extractor": "RegexEntityExtractor",
        "processors": [
          "EntitySynonymMapper"
        ]
      },
      {
        "entity": "kampung",
        "start": 38,
        "end": 53,
        "value": "kampung cempluk",
        "extractor": "RegexEntityExtractor",
        "processors": [
          "EntitySynonymMapper"
        ]
      },
      {
        "entity": "kategori",
        "start": 0,
        "end": 7,
        "confidence_entity": 0.999842643737793,
        "value": "minuman",
        "extractor": "DIETClassifier",
        "processors": [
          "EntitySynonymMapper"
        ]
      },
      {
        "entity": "event",
        "start": 29,
        "end": 53,
        "confidence_entity": 0.9995974898338318,
        "value": "festival kampung cempluk",
        "extractor": "DIETClassifier",
        "processors": [
          "EntitySynonymMapper"
        ]
      }
    ]
  },
  {
    "text": "minuman yang dijual di event bazar kampung kuliner?",
    "entities": [
      {
        "start": 0,
        "end": 7,
        "value": "minuman",
        "entity": "kategori"
      },
      {
        "start": 29,
        "end": 50,
        "value": "bazar kampung kuliner",
        "entity": "event"
      }
    ],
    "predicted_entities": [
      {
        "entity": "event",
        "start": 29,
        "end": 50,
        "value": "bazar kampung kuliner",
        "extractor": "RegexEntityExtractor",
        "processors": [
          "EntitySynonymMapper"
        ]
      },
      {
        "entity": "event",
        "start": 29,
        "end": 50,
        "value": "bazar kampung kuliner",
        "extractor": "RegexEntityExtractor",
        "processors": [
          "EntitySynonymMapper"
        ]
      },
      {
        "entity": "kategori",
        "start": 0,
        "end": 7,
        "confidence_entity": 0.9998332262039185,
        "value": "minuman",
        "extractor": "DIETClassifier",
        "processors": [
          "EntitySynonymMapper"
        ]
      },
      {
        "entity": "event",
        "start": 29,
        "end": 50,
        "confidence_entity": 0.9997021555900574,
        "value": "bazar kampung kuliner",
        "extractor": "DIETClassifier",
        "processors": [
          "EntitySynonymMapper"
        ]
      }
    ]
  },
  {
    "text": "apa rekomendasi makanan saat hujan?",
    "entities": [
      {
        "start": 16,
        "end": 23,
        "value": "makanan",
        "entity": "kategori"
      },
      {
        "start": 29,
        "end": 34,
        "value": "hujan",
        "entity": "cuaca"
      }
    ],
    "predicted_entities": [
      {
        "entity": "cuaca",
        "start": 29,
        "end": 34,
        "value": "hujan",
        "extractor": "RegexEntityExtractor",
        "processors": [
          "EntitySynonymMapper"
        ]
      },
      {
        "entity": "kategori",
        "start": 16,
        "end": 23,
        "confidence_entity": 0.999703586101532,
        "value": "makanan",
        "extractor": "DIETClassifier",
        "processors": [
          "EntitySynonymMapper"
        ]
      },
      {
        "entity": "cuaca",
        "start": 29,
        "end": 34,
        "confidence_entity": 0.9932084679603577,
        "value": "hujan",
        "extractor": "DIETClassifier",
        "processors": [
          "EntitySynonymMapper"
        ]
      }
    ]
  },
  {
    "text": "berikan rekomendasi makanan saat malam di event festival keramik dinoyo?",
    "entities": [
      {
        "start": 20,
        "end": 27,
        "value": "makanan",
        "entity": "kategori"
      },
      {
        "start": 33,
        "end": 38,
        "value": "malam",
        "entity": "cuaca"
      },
      {
        "start": 48,
        "end": 71,
        "value": "festival keramik dinoyo",
        "entity": "event"
      }
    ],
    "predicted_entities": [
      {
        "entity": "event",
        "start": 48,
        "end": 71,
        "value": "festival keramik dinoyo",
        "extractor": "RegexEntityExtractor",
        "processors": [
          "EntitySynonymMapper"
        ]
      },
      {
        "entity": "event",
        "start": 48,
        "end": 71,
        "value": "festival keramik dinoyo",
        "extractor": "RegexEntityExtractor",
        "processors": [
          "EntitySynonymMapper"
        ]
      },
      {
        "entity": "cuaca",
        "start": 33,
        "end": 38,
        "value": "malam",
        "extractor": "RegexEntityExtractor",
        "processors": [
          "EntitySynonymMapper"
        ]
      },
      {
        "entity": "kategori",
        "start": 20,
        "end": 27,
        "confidence_entity": 0.9996306896209717,
        "value": "makanan",
        "extractor": "DIETClassifier",
        "processors": [
          "EntitySynonymMapper"
        ]
      },
      {
        "entity": "cuaca",
        "start": 33,
        "end": 38,
        "confidence_entity": 0.9884612560272217,
        "value": "malam",
        "extractor": "DIETClassifier",
        "processors": [
          "EntitySynonymMapper"
        ]
      },
      {
        "entity": "event",
        "start": 48,
        "end": 71,
        "confidence_entity": 0.9989724159240723,
        "value": "festival keramik dinoyo",
        "extractor": "DIETClassifier",
        "processors": [
          "EntitySynonymMapper"
        ]
      }
    ]
  },
  {
    "text": "saya ingin tahu minuman yang cocok saat siang di event festival kampung cempluk?",
    "entities": [
      {
        "start": 16,
        "end": 23,
        "value": "minuman",
        "entity": "kategori"
      },
      {
        "start": 40,
        "end": 45,
        "value": "siang",
        "entity": "cuaca"
      },
      {
        "start": 55,
        "end": 79,
        "value": "festival kampung cempluk",
        "entity": "event"
      }
    ],
    "predicted_entities": [
      {
        "entity": "event",
        "start": 55,
        "end": 79,
        "value": "festival kampung cempluk",
        "extractor": "RegexEntityExtractor",
        "processors": [
          "EntitySynonymMapper"
        ]
      },
      {
        "entity": "kampung",
        "start": 64,
        "end": 79,
        "value": "kampung cempluk",
        "extractor": "RegexEntityExtractor",
        "processors": [
          "EntitySynonymMapper"
        ]
      },
      {
        "entity": "event",
        "start": 55,
        "end": 79,
        "value": "festival kampung cempluk",
        "extractor": "RegexEntityExtractor",
        "processors": [
          "EntitySynonymMapper"
        ]
      },
      {
        "entity": "kampung",
        "start": 64,
        "end": 79,
        "value": "kampung cempluk",
        "extractor": "RegexEntityExtractor",
        "processors": [
          "EntitySynonymMapper"
        ]
      },
      {
        "entity": "cuaca",
        "start": 40,
        "end": 45,
        "value": "siang",
        "extractor": "RegexEntityExtractor",
        "processors": [
          "EntitySynonymMapper"
        ]
      },
      {
        "entity": "kategori",
        "start": 16,
        "end": 23,
        "confidence_entity": 0.9997833371162415,
        "value": "minuman",
        "extractor": "DIETClassifier",
        "processors": [
          "EntitySynonymMapper"
        ]
      },
      {
        "entity": "cuaca",
        "start": 40,
        "end": 45,
        "confidence_entity": 0.9943431615829468,
        "value": "siang",
        "extractor": "DIETClassifier",
        "processors": [
          "EntitySynonymMapper"
        ]
      },
      {
        "entity": "event",
        "start": 55,
        "end": 79,
        "confidence_entity": 0.999603807926178,
        "value": "festival kampung cempluk",
        "extractor": "DIETClassifier",
        "processors": [
          "EntitySynonymMapper"
        ]
      }
    ]
  },
  {
    "text": "makanan apa yang cocok saat dingin di kampung keramik dinoyo?",
    "entities": [
      {
        "start": 0,
        "end": 7,
        "value": "makanan",
        "entity": "kategori"
      },
      {
        "start": 28,
        "end": 34,
        "value": "dingin",
        "entity": "cuaca"
      },
      {
        "start": 38,
        "end": 60,
        "value": "kampung keramik dinoyo",
        "entity": "kampung"
      }
    ],
    "predicted_entities": [
      {
        "entity": "kampung",
        "start": 38,
        "end": 60,
        "value": "kampung keramik dinoyo",
        "extractor": "RegexEntityExtractor",
        "processors": [
          "EntitySynonymMapper"
        ]
      },
      {
        "entity": "kampung",
        "start": 38,
        "end": 60,
        "value": "kampung keramik dinoyo",
        "extractor": "RegexEntityExtractor",
        "processors": [
          "EntitySynonymMapper"
        ]
      },
      {
        "entity": "cuaca",
        "start": 28,
        "end": 34,
        "value": "dingin",
        "extractor": "RegexEntityExtractor",
        "processors": [
          "EntitySynonymMapper"
        ]
      },
      {
        "entity": "kategori",
        "start": 0,
        "end": 7,
        "confidence_entity": 0.9998142123222351,
        "value": "makanan",
        "extractor": "DIETClassifier",
        "processors": [
          "EntitySynonymMapper"
        ]
      },
      {
        "entity": "cuaca",
        "start": 28,
        "end": 34,
        "confidence_entity": 0.9959685802459717,
        "value": "dingin",
        "extractor": "DIETClassifier",
        "processors": [
          "EntitySynonymMapper"
        ]
      },
      {
        "entity": "kampung",
        "start": 38,
        "end": 60,
        "confidence_entity": 0.9993880987167358,
        "value": "kampung keramik dinoyo",
        "extractor": "DIETClassifier",
        "processors": [
          "EntitySynonymMapper"
        ]
      }
    ]
  },
  {
    "text": "saya ingin tahu makanan yang cocok saat malam di kampung ketawanggede?",
    "entities": [
      {
        "start": 16,
        "end": 23,
        "value": "makanan",
        "entity": "kategori"
      },
      {
        "start": 40,
        "end": 45,
        "value": "malam",
        "entity": "cuaca"
      },
      {
        "start": 49,
        "end": 69,
        "value": "kampung ketawanggede",
        "entity": "kampung"
      }
    ],
    "predicted_entities": [
      {
        "entity": "kampung",
        "start": 49,
        "end": 69,
        "value": "kampung ketawanggede",
        "extractor": "RegexEntityExtractor",
        "processors": [
          "EntitySynonymMapper"
        ]
      },
      {
        "entity": "kampung",
        "start": 49,
        "end": 69,
        "value": "kampung ketawanggede",
        "extractor": "RegexEntityExtractor",
        "processors": [
          "EntitySynonymMapper"
        ]
      },
      {
        "entity": "cuaca",
        "start": 40,
        "end": 45,
        "value": "malam",
        "extractor": "RegexEntityExtractor",
        "processors": [
          "EntitySynonymMapper"
        ]
      },
      {
        "entity": "kategori",
        "start": 16,
        "end": 23,
        "confidence_entity": 0.9997532963752747,
        "value": "makanan",
        "extractor": "DIETClassifier",
        "processors": [
          "EntitySynonymMapper"
        ]
      },
      {
        "entity": "cuaca",
        "start": 40,
        "end": 45,
        "confidence_entity": 0.9810663461685181,
        "value": "malam",
        "extractor": "DIETClassifier",
        "processors": [
          "EntitySynonymMapper"
        ]
      },
      {
        "entity": "kampung",
        "start": 49,
        "end": 69,
        "confidence_entity": 0.9997097849845886,
        "value": "kampung ketawanggede",
        "extractor": "DIETClassifier",
        "processors": [
          "EntitySynonymMapper"
        ]
      }
    ]
  },
  {
    "text": "puskemas terdekat di kampung keramik dinoyo?",
    "entities": [
      {
        "start": 0,
        "end": 8,
        "value": "puskemas",
        "entity": "kategori"
      },
      {
        "start": 21,
        "end": 43,
        "value": "kampung keramik dinoyo",
        "entity": "kampung"
      }
    ],
    "predicted_entities": [
      {
        "entity": "kampung",
        "start": 21,
        "end": 43,
        "value": "kampung keramik dinoyo",
        "extractor": "RegexEntityExtractor",
        "processors": [
          "EntitySynonymMapper"
        ]
      },
      {
        "entity": "kampung",
        "start": 21,
        "end": 43,
        "value": "kampung keramik dinoyo",
        "extractor": "RegexEntityExtractor",
        "processors": [
          "EntitySynonymMapper"
        ]
      },
      {
        "entity": "kategori",
        "start": 0,
        "end": 8,
        "confidence_entity": 0.972734808921814,
        "value": "puskemas",
        "extractor": "DIETClassifier"
      },
      {
        "entity": "kampung",
        "start": 21,
        "end": 43,
        "confidence_entity": 0.9991984963417053,
        "value": "kampung keramik dinoyo",
        "extractor": "DIETClassifier",
        "processors": [
          "EntitySynonymMapper"
        ]
      }
    ]
  },
  {
    "text": "lokasi klinik universitas brawijaya?",
    "entities": [
      {
        "start": 7,
        "end": 35,
        "value": "klinik universitas brawijaya",
        "entity": "kesehatan"
      }
    ],
    "predicted_entities": [
      {
        "entity": "kategori",
        "start": 7,
        "end": 13,
        "value": "klinik",
        "extractor": "RegexEntityExtractor",
        "processors": [
          "EntitySynonymMapper"
        ]
      },
      {
        "entity": "kesehatan",
        "start": 7,
        "end": 35,
        "value": "klinik universitas brawijaya",
        "extractor": "RegexEntityExtractor",
        "processors": [
          "EntitySynonymMapper"
        ]
      },
      {
        "entity": "kategori",
        "start": 7,
        "end": 13,
        "value": "klinik",
        "extractor": "RegexEntityExtractor",
        "processors": [
          "EntitySynonymMapper"
        ]
      },
      {
        "entity": "kesehatan",
        "start": 7,
        "end": 35,
        "confidence_entity": 0.9938037395477295,
        "value": "klinik universitas brawijaya",
        "extractor": "DIETClassifier",
        "processors": [
          "EntitySynonymMapper"
        ]
      }
    ]
  },
  {
    "text": "dimana lokasi puskesmas sumbersari?",
    "entities": [
      {
        "start": 14,
        "end": 34,
        "value": "puskesmas sumbersari",
        "entity": "kesehatan"
      }
    ],
    "predicted_entities": [
      {
        "entity": "kategori",
        "start": 14,
        "end": 23,
        "value": "puskesmas",
        "extractor": "RegexEntityExtractor",
        "processors": [
          "EntitySynonymMapper"
        ]
      },
      {
        "entity": "kesehatan",
        "start": 14,
        "end": 34,
        "value": "puskesmas sumbersari",
        "extractor": "RegexEntityExtractor",
        "processors": [
          "EntitySynonymMapper"
        ]
      },
      {
        "entity": "kategori",
        "start": 14,
        "end": 23,
        "value": "puskesmas",
        "extractor": "RegexEntityExtractor",
        "processors": [
          "EntitySynonymMapper"
        ]
      },
      {
        "entity": "kesehatan",
        "start": 14,
        "end": 34,
        "confidence_entity": 0.9610344171524048,
        "value": "puskesmas sumbersari",
        "extractor": "DIETClassifier",
        "processors": [
          "EntitySynonymMapper"
        ]
      }
    ]
  },
  {
    "text": "jam operasional puskesmas sumbersari",
    "entities": [
      {
        "start": 16,
        "end": 36,
        "value": "puskesmas sumbersari",
        "entity": "kesehatan"
      }
    ],
    "predicted_entities": [
      {
        "entity": "kategori",
        "start": 16,
        "end": 25,
        "value": "puskesmas",
        "extractor": "RegexEntityExtractor",
        "processors": [
          "EntitySynonymMapper"
        ]
      },
      {
        "entity": "kesehatan",
        "start": 16,
        "end": 36,
        "value": "puskesmas sumbersari",
        "extractor": "RegexEntityExtractor",
        "processors": [
          "EntitySynonymMapper"
        ]
      },
      {
        "entity": "kategori",
        "start": 16,
        "end": 25,
        "value": "puskesmas",
        "extractor": "RegexEntityExtractor",
        "processors": [
          "EntitySynonymMapper"
        ]
      },
      {
        "entity": "kesehatan",
        "start": 16,
        "end": 36,
        "confidence_entity": 0.9164842963218689,
        "value": "puskesmas sumbersari",
        "extractor": "DIETClassifier",
        "processors": [
          "EntitySynonymMapper"
        ]
      }
    ]
  }
]