{
  "kategori": {
    "precision": 0.6956521739130435,
    "recall": 0.5,
    "f1-score": 0.5818181818181818,
    "support": 96,
    "confused_with": {}
  },
  "situs": {
    "precision": 1.0,
    "recall": 1.0,
    "f1-score": 1.0,
    "support": 15,
    "confused_with": {}
  },
  "gejala": {
    "precision": 1.0,
    "recall": 1.0,
    "f1-score": 1.0,
    "support": 13,
    "confused_with": {}
  },
  "cuaca": {
    "precision": 0.9565217391304348,
    "recall": 1.0,
    "f1-score": 0.9777777777777777,
    "support": 22,
    "confused_with": {}
  },
  "event": {
    "precision": 1.0,
    "recall": 1.0,
    "f1-score": 1.0,
    "support": 507,
    "confused_with": {}
  },
  "kesehatan": {
    "precision": 1.0,
    "recall": 0.5609756097560976,
    "f1-score": 0.71875,
    "support": 41,
    "confused_with": {
      "kategori": 18
    }
  },
  "kuliner": {
    "precision": 1.0,
    "recall": 0.9230769230769231,
    "f1-score": 0.9600000000000001,
    "support": 26,
    "confused_with": {}
  },
  "kampung": {
    "precision": 1.0,
    "recall": 1.0,
    "f1-score": 1.0,
    "support": 245,
    "confused_with": {}
  },
  "micro avg": {
    "precision": 0.9760609357997824,
    "recall": 0.9295336787564766,
    "f1-score": 0.9522292993630573,
    "support": 965
  },
  "macro avg": {
    "precision": 0.9565217391304348,
    "recall": 0.8730065666041276,
    "f1-score": 0.904793244949495,
    "support": 965
  },
  "weighted avg": {
    "precision": 0.9687316963280018,
    "recall": 0.9295336787564766,
    "f1-score": 0.9448646700162244,
    "support": 965
  },
  "accuracy": 0.9713945172824792
}